{
  "name": "sensitivity_ds_0.10_gamma_1.00",
  "controller": "heterogeneous_barrier",
  "summary": {
    "min_clearance": 0.003180260845394689,
    "min_pair_distance": 0.5031802608453947,
    "min_cbf": 0.12360319169163665,
    "collision": false,
    "all_goals_reached": true,
    "mean_qp_ms": 0.6091694702100748,
    "p95_qp_ms": 0.8072900748326584,
    "max_qp_ms": 9.497372833720874,
    "completion_step": 358.0,
    "termination_reason": "all_goals_reached",
    "mean_goal_error": 0.008904287752574758,
    "mean_control_deviation": 0.6924921374187166,
    "per_agent_control_deviation": [
      0.2592912914305,
      0.7450425351024053,
      0.8841325762002287,
      0.8162016019197494,
      0.5811952758761656,
      0.8690895439832506
    ]
  },
  "metadata": {
    "accel_limits": [
      0.6,
      1.2,
      1.2,
      1.2,
      1.2,
      1.2
    ],
    "speed_limits": [
      0.6,
      0.6,
      0.6,
      0.6,
      0.6,
      0.6
    ],
    "gamma": [
      1.0,
      1.0,
      1.0,
      1.0,
      1.0,
      1.0
    ],
    "radii": [
      0.4,
      0.2,
      0.2,
      0.2,
      0.2,
      0.2
    ],
    "safety_buffer": 0.1
  }
}