{
  "name": "sensitivity_ds_0.10_gamma_1.00",
  "controller": "heterogeneous_barrier",
  "summary": {
    "min_clearance": 1.9003563844766092e-07,
    "min_pair_distance": 0.5000217473400106,
    "min_cbf": 0.0015852621877797794,
    "collision": false,
    "all_goals_reached": true,
    "mean_qp_ms": 0.8383444929051672,
    "p95_qp_ms": 1.7238663325163845,
    "max_qp_ms": 5.032798833174941,
    "completion_step": 235.0,
    "termination_reason": "all_goals_reached",
    "mean_goal_error": 0.017888649287693553,
    "mean_control_deviation": 0.4965369886059258,
    "per_agent_control_deviation": [
      0.41437737571715433,
      0.5505056970748818,
      0.5256200348475052,
      0.5781396992272344,
      0.36924943819911527,
      0.541329686569664
    ],
    "deadlock_count": 0,
    "deadlock_agents": [],
    "first_deadlock_step": null,
    "collision_after_clamping": false,
    "infeasibility_before_collision": false
  },
  "metadata": {
    "accel_limits": [
      0.6,
      1.2,
      1.2,
      1.2,
      1.2,
      1.2
    ],
    "speed_limits": [
      0.6,
      0.6,
      0.6,
      0.6,
      0.6,
      0.6
    ],
    "gamma": [
      1.0,
      1.0,
      1.0,
      1.0,
      1.0,
      1.0
    ],
    "radii": [
      0.4,
      0.2,
      0.2,
      0.2,
      0.2,
      0.2
    ],
    "safety_buffer": 0.1,
    "pair_indices": [
      [
        0,
        1
      ],
      [
        0,
        2
      ],
      [
        0,
        3
      ],
      [
        0,
        4
      ],
      [
        0,
        5
      ],
      [
        1,
        2
      ],
      [
        1,
        3
      ],
      [
        1,
        4
      ],
      [
        1,
        5
      ],
      [
        2,
        3
      ],
      [
        2,
        4
      ],
      [
        2,
        5
      ],
      [
        3,
        4
      ],
      [
        3,
        5
      ],
      [
        4,
        5
      ]
    ],
    "pairwise_min_cbf": {
      "0-1": 0.0015852621877797794,
      "0-2": 1.2164483793779315,
      "0-3": 0.44540949075720426,
      "0-4": 1.0989502608597386,
      "0-5": 1.4997382620118929,
      "1-2": 0.3731247031541793,
      "1-3": 0.382691325128797,
      "1-4": 0.42337659344356304,
      "1-5": 1.2244117277590703,
      "2-3": 1.196027300519819,
      "2-4": 0.4192278148431372,
      "2-5": 0.5033519157703095,
      "3-4": 0.3580256003462685,
      "3-5": 1.4995886046249418,
      "4-5": 0.008940408296517495
    },
    "pairwise_min_cbf_step": {
      "0-1": 132,
      "0-2": 120,
      "0-3": 82,
      "0-4": 46,
      "0-5": 39,
      "1-2": 90,
      "1-3": 103,
      "1-4": 92,
      "1-5": 46,
      "2-3": 107,
      "2-4": 100,
      "2-5": 74,
      "3-4": 98,
      "3-5": 99,
      "4-5": 104
    },
    "pairwise_min_clearance": {
      "0-1": 1.9003563844766092e-07,
      "0-2": 0.4337264553957366,
      "0-3": 0.06290553043730807,
      "0-4": 0.45801143661783705,
      "0-5": 0.9366941945722417,
      "1-2": 0.02970147675257906,
      "1-3": 0.033710222419910174,
      "1-4": 0.0388567917598458,
      "1-5": 0.43722828444606077,
      "2-3": 0.35576398680737786,
      "2-4": 0.03698785889138745,
      "2-5": 0.06265797171930809,
      "3-4": 0.027189249461584297,
      "3-5": 0.49166665830334755,
      "4-5": 2.1747340010591643e-05
    },
    "pairwise_min_clearance_step": {
      "0-1": 132,
      "0-2": 133,
      "0-3": 85,
      "0-4": 84,
      "0-5": 82,
      "1-2": 91,
      "1-3": 105,
      "1-4": 93,
      "1-5": 81,
      "2-3": 112,
      "2-4": 103,
      "2-5": 78,
      "3-4": 99,
      "3-5": 112,
      "4-5": 104
    },
    "active_neighbor_counts": null,
    "qp_fallback_history": null,
    "qp_infeasible_history": null,
    "first_infeasible_event": null,
    "collision_event": null,
    "deadlock": {
      "deadlock_count": 0,
      "deadlock_agents": [],
      "first_deadlock_step": null,
      "deadlock_start_steps": {},
      "deadlock_window_steps": 20,
      "deadlock_speed_threshold": 0.05,
      "deadlock_displacement_threshold": 0.03
    },
    "stopped_not_at_goal": {
      "stopped_not_at_goal_steps": [
        0,
        55,
        9,
        12,
        47,
        10
      ],
      "stopped_not_at_goal_near_robots_steps": [
        0,
        55,
        0,
        4,
        46,
        10
      ],
      "stopped_not_at_goal_isolated_steps": [
        0,
        0,
        9,
        8,
        1,
        0
      ],
      "stopped_not_at_goal_control_thresholds": [
        0.06,
        0.12,
        0.12,
        0.12,
        0.12,
        0.12
      ],
      "stopped_not_at_goal_near_clearance_threshold": 0.15
    }
  }
}