{
  "name": "paper_scalability_10",
  "controller": "centralized_heterogeneous_barrier",
  "summary": {
    "min_clearance": 3.5273490545106867e-06,
    "min_pair_distance": 0.32000691236826356,
    "min_cbf": -0.001410254421692382,
    "collision": false,
    "all_goals_reached": true,
    "mean_qp_ms": 1.5503167962978819,
    "p95_qp_ms": 3.6072495000553317,
    "max_qp_ms": 39.94594429968856,
    "completion_step": 376.0,
    "termination_reason": "all_goals_reached",
    "mean_goal_error": 0.007355299488429017,
    "mean_control_deviation": 0.37599358230179575,
    "per_agent_control_deviation": [
      0.2826539130390747,
      0.24923962301244193,
      0.48451527919971776,
      0.4629437469781544,
      0.4119445870412584,
      0.36614143561959983,
      0.49467876441059133,
      0.326921708837627,
      0.31139918786141263,
      0.3694975770180804
    ],
    "deadlock_count": 0,
    "deadlock_agents": [],
    "first_deadlock_step": null,
    "collision_after_clamping": false,
    "infeasibility_before_collision": false
  },
  "metadata": {
    "accel_limits": [
      0.6,
      1.2,
      1.2,
      1.2,
      1.2,
      1.2,
      1.2,
      1.2,
      1.2,
      0.6
    ],
    "speed_limits": [
      0.6,
      0.6,
      0.6,
      0.6,
      0.6,
      0.6,
      0.6,
      0.6,
      0.6,
      0.6
    ],
    "gamma": [
      3.0,
      2.5555555555555554,
      2.111111111111111,
      1.6666666666666667,
      1.2222222222222223,
      1.2222222222222223,
      1.6666666666666665,
      2.1111111111111107,
      2.5555555555555554,
      3.0
    ],
    "radii": [
      0.28,
      0.16,
      0.16,
      0.16,
      0.16,
      0.16,
      0.16,
      0.16,
      0.16,
      0.28
    ],
    "safety_buffer": 0.0,
    "pair_indices": [
      [
        0,
        1
      ],
      [
        0,
        2
      ],
      [
        0,
        3
      ],
      [
        0,
        4
      ],
      [
        0,
        5
      ],
      [
        0,
        6
      ],
      [
        0,
        7
      ],
      [
        0,
        8
      ],
      [
        0,
        9
      ],
      [
        1,
        2
      ],
      [
        1,
        3
      ],
      [
        1,
        4
      ],
      [
        1,
        5
      ],
      [
        1,
        6
      ],
      [
        1,
        7
      ],
      [
        1,
        8
      ],
      [
        1,
        9
      ],
      [
        2,
        3
      ],
      [
        2,
        4
      ],
      [
        2,
        5
      ],
      [
        2,
        6
      ],
      [
        2,
        7
      ],
      [
        2,
        8
      ],
      [
        2,
        9
      ],
      [
        3,
        4
      ],
      [
        3,
        5
      ],
      [
        3,
        6
      ],
      [
        3,
        7
      ],
      [
        3,
        8
      ],
      [
        3,
        9
      ],
      [
        4,
        5
      ],
      [
        4,
        6
      ],
      [
        4,
        7
      ],
      [
        4,
        8
      ],
      [
        4,
        9
      ],
      [
        5,
        6
      ],
      [
        5,
        7
      ],
      [
        5,
        8
      ],
      [
        5,
        9
      ],
      [
        6,
        7
      ],
      [
        6,
        8
      ],
      [
        6,
        9
      ],
      [
        7,
        8
      ],
      [
        7,
        9
      ],
      [
        8,
        9
      ]
    ],
    "pairwise_min_cbf": {
      "0-1": 0.17217621187488016,
      "0-2": 0.30472960194559445,
      "0-3": 0.1614865113003614,
      "0-4": 0.47151883097881514,
      "0-5": 1.2762134163650407,
      "0-6": 0.9813248375584109,
      "0-7": 1.3917430221733358,
      "0-8": 1.0002890291432711,
      "0-9": 0.2425442418419488,
      "1-2": 0.29319779793810324,
      "1-3": 1.0920294777527908,
      "1-4": 0.6861614266970133,
      "1-5": 1.0631349893507929,
      "1-6": 0.35272935925397264,
      "1-7": 0.9737633475448079,
      "1-8": 0.34207118212326465,
      "1-9": 0.29677306480539617,
      "2-3": 0.27824562023885724,
      "2-4": 0.3636212065341523,
      "2-5": 1.1431230709354356,
      "2-6": 0.4667031447087357,
      "2-7": 1.3008027406421179,
      "2-8": 1.034712084460757,
      "2-9": 0.003502393082645557,
      "3-4": 0.015344183901425307,
      "3-5": 1.0984313141580027,
      "3-6": 0.8117324233788775,
      "3-7": 1.5529640935723008,
      "3-8": 1.3678511690045485,
      "3-9": 1.2148385966272823,
      "4-5": 0.3615562443152767,
      "4-6": 0.16194621542673876,
      "4-7": 1.1999495192480862,
      "4-8": 1.038391475819116,
      "4-9": 1.089135562668233,
      "5-6": -0.001410254421692382,
      "5-7": 0.6345333901022348,
      "5-8": 1.1867870541857601,
      "5-9": 1.1764655885842754,
      "6-7": 0.35142240499099475,
      "6-8": 0.40470762311373093,
      "6-9": 0.9034759917581621,
      "7-8": 0.02961610085401789,
      "7-9": 1.0029608309728555,
      "8-9": 0.3210101235044243
    },
    "pairwise_min_cbf_step": {
      "0-1": 82,
      "0-2": 113,
      "0-3": 169,
      "0-4": 177,
      "0-5": 121,
      "0-6": 89,
      "0-7": 88,
      "0-8": 87,
      "0-9": 98,
      "1-2": 115,
      "1-3": 80,
      "1-4": 91,
      "1-5": 92,
      "1-6": 115,
      "1-7": 94,
      "1-8": 116,
      "1-9": 116,
      "2-3": 109,
      "2-4": 119,
      "2-5": 119,
      "2-6": 126,
      "2-7": 118,
      "2-8": 85,
      "2-9": 182,
      "3-4": 159,
      "3-5": 133,
      "3-6": 141,
      "3-7": 73,
      "3-8": 80,
      "3-9": 75,
      "4-5": 118,
      "4-6": 135,
      "4-7": 119,
      "4-8": 85,
      "4-9": 87,
      "5-6": 155,
      "5-7": 119,
      "5-8": 122,
      "5-9": 72,
      "6-7": 119,
      "6-8": 110,
      "6-9": 87,
      "7-8": 125,
      "7-9": 71,
      "8-9": 98
    },
    "pairwise_min_clearance": {
      "0-1": 0.008866224603426343,
      "0-2": 0.028482535669350828,
      "0-3": 0.007798935376373439,
      "0-4": 0.06669877219727793,
      "0-5": 0.5624709200932584,
      "0-6": 0.45623555119725334,
      "0-7": 0.7209102058489215,
      "0-8": 0.40777619030626644,
      "0-9": 0.026223190774138816,
      "1-2": 0.018668208952766774,
      "1-3": 0.3288256123729458,
      "1-4": 0.1586690923129322,
      "1-5": 0.349344745123816,
      "1-6": 0.028176871982198648,
      "1-7": 0.2694493560997823,
      "1-8": 0.024893475567277334,
      "1-9": 0.026204988227090997,
      "2-3": 0.01640326580413476,
      "2-4": 0.028953741911785735,
      "2-5": 0.307773300035132,
      "2-6": 0.05636518565598819,
      "2-7": 0.41813194093494704,
      "2-8": 0.31196824455398403,
      "2-9": 3.5273490545106867e-06,
      "3-4": 6.225211100752137e-05,
      "3-5": 0.2805102845948924,
      "3-6": 0.19353154162237624,
      "3-7": 0.6830878289185478,
      "3-8": 0.6344915283311352,
      "3-9": 0.5927018681624211,
      "4-5": 0.027554066754077566,
      "4-6": 0.008065059287714504,
      "4-7": 0.3369512090446655,
      "4-8": 0.3752489129486822,
      "4-9": 0.4995125016362958,
      "5-6": 6.9123682635563455e-06,
      "5-7": 0.10550683070814532,
      "5-8": 0.3230706392998552,
      "5-9": 0.6761057739477324,
      "6-7": 0.026306527830748827,
      "6-8": 0.03562795876254471,
      "6-9": 0.3326723258290747,
      "7-8": 0.0010108860214416149,
      "7-9": 0.36185559016365676,
      "8-9": 0.0323860285092506
    },
    "pairwise_min_clearance_step": {
      "0-1": 85,
      "0-2": 115,
      "0-3": 171,
      "0-4": 179,
      "0-5": 131,
      "0-6": 121,
      "0-7": 103,
      "0-8": 101,
      "0-9": 100,
      "1-2": 116,
      "1-3": 105,
      "1-4": 106,
      "1-5": 109,
      "1-6": 116,
      "1-7": 117,
      "1-8": 119,
      "1-9": 118,
      "2-3": 110,
      "2-4": 120,
      "2-5": 122,
      "2-6": 128,
      "2-7": 125,
      "2-8": 122,
      "2-9": 182,
      "3-4": 159,
      "3-5": 137,
      "3-6": 147,
      "3-7": 121,
      "3-8": 112,