{
  "name": "paper_scalability_10",
  "controller": "nominal",
  "summary": {
    "min_clearance": -0.02101381279416792,
    "min_pair_distance": 0.2989861872058321,
    "min_cbf": -0.5592624448515194,
    "collision": true,
    "all_goals_reached": false,
    "mean_qp_ms": 0.0,
    "p95_qp_ms": 0.0,
    "max_qp_ms": 0.0,
    "completion_step": null,
    "termination_reason": "collision",
    "mean_goal_error": 4.627900375302082,
    "mean_control_deviation": 0.0,
    "per_agent_control_deviation": [
      0.0,
      0.0,
      0.0,
      0.0,
      0.0,
      0.0,
      0.0,
      0.0,
      0.0,
      0.0
    ],
    "deadlock_count": 0,
    "deadlock_agents": [],
    "first_deadlock_step": null,
    "collision_after_clamping": false,
    "infeasibility_before_collision": false,
    "collision_step": 46,
    "collision_pair": [
      7,
      8
    ],
    "collision_pair_h_ij": -0.5592624448515192,
    "collision_pair_h_margin": -0.38174471646707486
  },
  "metadata": {
    "accel_limits": [
      0.6,
      1.2,
      1.2,
      1.2,
      1.2,
      1.2,
      1.2,
      1.2,
      1.2,
      0.6
    ],
    "speed_limits": [
      0.6,
      0.6,
      0.6,
      0.6,
      0.6,
      0.6,
      0.6,
      0.6,
      0.6,
      0.6
    ],
    "gamma": [
      3.0,
      2.5555555555555554,
      2.111111111111111,
      1.6666666666666667,
      1.2222222222222223,
      1.2222222222222223,
      1.6666666666666665,
      2.1111111111111107,
      2.5555555555555554,
      3.0
    ],
    "radii": [
      0.28,
      0.16,
      0.16,
      0.16,
      0.16,
      0.16,
      0.16,
      0.16,
      0.16,
      0.28
    ],
    "safety_buffer": 0.0,
    "pair_indices": [
      [
        0,
        1
      ],
      [
        0,
        2
      ],
      [
        0,
        3
      ],
      [
        0,
        4
      ],
      [
        0,
        5
      ],
      [
        0,
        6
      ],
      [
        0,
        7
      ],
      [
        0,
        8
      ],
      [
        0,
        9
      ],
      [
        1,
        2
      ],
      [
        1,
        3
      ],
      [
        1,
        4
      ],
      [
        1,
        5
      ],
      [
        1,
        6
      ],
      [
        1,
        7
      ],
      [
        1,
        8
      ],
      [
        1,
        9
      ],
      [
        2,
        3
      ],
      [
        2,
        4
      ],
      [
        2,
        5
      ],
      [
        2,
        6
      ],
      [
        2,
        7
      ],
      [
        2,
        8
      ],
      [
        2,
        9
      ],
      [
        3,
        4
      ],
      [
        3,
        5
      ],
      [
        3,
        6
      ],
      [
        3,
        7
      ],
      [
        3,
        8
      ],
      [
        3,
        9
      ],
      [
        4,
        5
      ],
      [
        4,
        6
      ],
      [
        4,
        7
      ],
      [
        4,
        8
      ],
      [
        4,
        9
      ],
      [
        5,
        6
      ],
      [
        5,
        7
      ],
      [
        5,
        8
      ],
      [
        5,
        9
      ],
      [
        6,
        7
      ],
      [
        6,
        8
      ],
      [
        6,
        9
      ],
      [
        7,
        8
      ],
      [
        7,
        9
      ],
      [
        8,
        9
      ]
    ],
    "pairwise_min_cbf": {
      "0-1": 0.820320891747317,
      "0-2": 2.0705054172253257,
      "0-3": 1.8043861441224527,
      "0-4": 2.160869103148143,
      "0-5": 2.1271189480087216,
      "0-6": 2.160869103148143,
      "0-7": 1.804386144122452,
      "0-8": 2.070505417225326,
      "0-9": 0.491947060658473,
      "1-2": 2.306985853650985,
      "1-3": 2.0547801195219026,
      "1-4": 2.6780869072050066,
      "1-5": 2.6466740413342262,
      "1-6": 2.648430759283705,
      "1-7": 2.4169942892671483,
      "1-8": 2.5849540289915374,
      "1-9": 1.2812718376233385,
      "2-3": -0.5592624448515194,
      "2-4": 2.0547801195219018,
      "2-5": 2.254943768153629,
      "2-6": 2.416994289267148,
      "2-7": 2.8070298407120164,
      "2-8": 2.8431874422833854,
      "2-9": 2.1081491411372535,
      "3-4": 2.306985853650985,
      "3-5": 2.492719754169142,
      "3-6": 2.584954028991538,
      "3-7": 2.8431874422833854,
      "3-8": 2.8070298407120164,
      "3-9": 1.924447449760272,
      "4-5": 1.1275010817983586,
      "4-6": 1.6517631679611353,
      "4-7": 2.584954028991538,
      "4-8": 2.4169942892671483,
      "4-9": 2.1264578683404878,
      "5-6": 1.1275010817983568,
      "5-7": 2.4927197541691415,
      "5-8": 2.254943768153629,
      "5-9": 2.1269665571758534,
      "6-7": 2.306985853650985,
      "6-8": 2.0547801195219026,
      "6-9": 2.179795234418252,
      "7-8": -0.5592624448515192,
      "7-9": 1.6073499528322062,
      "8-9": 1.8897634982112108
    },
    "pairwise_min_cbf_step": {
      "0-1": 46,
      "0-2": 46,
      "0-3": 46,
      "0-4": 46,
      "0-5": 46,
      "0-6": 46,
      "0-7": 46,
      "0-8": 46,
      "0-9": 46,
      "1-2": 46,
      "1-3": 46,
      "1-4": 46,
      "1-5": 46,
      "1-6": 46,
      "1-7": 46,
      "1-8": 46,
      "1-9": 46,
      "2-3": 46,
      "2-4": 46,
      "2-5": 46,
      "2-6": 46,
      "2-7": 46,
      "2-8": 46,
      "2-9": 46,
      "3-4": 46,
      "3-5": 46,
      "3-6": 46,
      "3-7": 46,
      "3-8": 46,
      "3-9": 46,
      "4-5": 46,
      "4-6": 46,
      "4-7": 46,
      "4-8": 46,
      "4-9": 46,
      "5-6": 46,
      "5-7": 46,
      "5-8": 46,
      "5-9": 46,
      "6-7": 46,
      "6-8": 46,
      "6-9": 46,
      "7-8": 46,
      "7-9": 46,
      "8-9": 46
    },
    "pairwise_min_clearance": {
      "0-1": 0.4544929728416951,
      "0-2": 1.986074890453641,
      "0-3": 2.2022718514115547,
      "0-4": 2.9465719853195154,
      "0-5": 3.0749223594996287,
      "0-6": 2.9465719853195154,
      "0-7": 2.2022718514115542,
      "0-8": 1.9860748904536418,
      "0-9": 0.37621418342649515,
      "1-2": 1.2869294707129602,
      "1-3": 1.5381131354776518,
      "1-4": 2.5910445152088837,
      "1-5": 2.921137883605802,
      "1-6": 3.0126144510380977,
      "1-7": 2.7003558028913552,
      "1-8": 2.5526620190462244,
      "1-9": 1.259035041999688,
      "2-3": -0.021013812794167586,
      "2-4": 1.5381131354776512,
      "2-5": 2.2117018494988763,
      "2-6": 2.700355802891355,
      "2-7": 3.1875951762628865,
      "2-8": 3.174829206184873,
      "2-9": 2.5337302872017937,
      "3-4": 1.28692947071296,
      "3-5": 2.0045319847757708,
      "3-6": 2.552662019046224,
      "3-7": 3.174829206184873,
      "3-8": 3.187595176262887,
      "3-9": 2.683824149865288,
      "4-5": 0.5223396000542557,
      "4-6": 1.3023867941216225,
      "4-7": 2.552662019046224,
      "4-8": 2.7003558028913552,
      "4-9": 2.994750764304703,
      "5-6": 0.5223396000542548,
      "5-7": 2.0045319847757703,
      "5-8": 2.2117018494988763,
      "5-9": 2.892947523663927,
      "6-7": 1.2869294707129604,
      "6-8": 1.5381131354776516,
      "6-9": 2.5469784844016545,
      "7-8": -0.02101381279416792,
      "7-9": 1.447893307323636,
      "8-9": 1.1875551116865601
    },
    "pairwise_min_clearance_step": {
      "0-1": 46,
      "0-2": 46,
      "0-3": 46,
      "0-4": 46,
      "0-5": 46,
      "0-6": 46,
      "0-7": 46,
      "0-8": 46,
      "0-9": 46,
      "1-2": 46,
      "1-3": 46,
      "1-4": 46,
      "1-5": 46,
      "1-6": 46,
      "1-7": 46,
      "1-8": 46,
      "1-9": 46,
      "2-3": 46,
      "2-4": 46,
      "2-5": 46,
      "2-6": 46,
      "2-7": 46,
      "2-8": 46,
      "2-9": 46,
      "3-4": 46,
      "3-5": 46,
      "3-6": 46,
      "3-7": 46,
      "3-8": 46,
      "3-9": 46,
      "4-5": 46,
      "4-6": 46,
      "4-7": 46,
      "4-8": 46,
      "4-9": 46,
      "5-6": 46,
      "5-7": 46,
      "5-8": 46,
      "5-9": 46,
      "6-7": 46,
      "6-8": 46,
      "6-9": 46,