{
  "name": "sensitivity_ds_0.10_gamma_0.50",
  "controller": "heterogeneous_barrier",
  "summary": {
    "min_clearance": 0.000171504886955276,
    "min_pair_distance": 0.5001715048869553,
    "min_cbf": 0.027021031151318972,
    "collision": false,
    "all_goals_reached": true,
    "mean_qp_ms": 0.811363487324949,
    "p95_qp_ms": 1.3323038325324843,
    "max_qp_ms": 3.972432499722345,
    "completion_step": 238.0,
    "termination_reason": "all_goals_reached",
    "mean_goal_error": 0.01772111502733449,
    "mean_control_deviation": 0.5111725577329586,
    "per_agent_control_deviation": [
      0.42004754944243333,
      0.5746588835458183,
      0.5385432082388478,
      0.5952446153626415,
      0.38641622208367943,
      0.5521248677243316
    ],
    "deadlock_count": 0,
    "deadlock_agents": [],
    "first_deadlock_step": null,
    "collision_after_clamping": false,
    "infeasibility_before_collision": false
  },
  "metadata": {
    "accel_limits": [
      0.6,
      1.2,
      1.2,
      1.2,
      1.2,
      1.2
    ],
    "speed_limits": [
      0.6,
      0.6,
      0.6,
      0.6,
      0.6,
      0.6
    ],
    "gamma": [
      0.5,
      0.5,
      0.5,
      0.5,
      0.5,
      0.5
    ],
    "radii": [
      0.4,
      0.2,
      0.2,
      0.2,
      0.2,
      0.2
    ],
    "safety_buffer": 0.1,
    "pair_indices": [
      [
        0,
        1
      ],
      [
        0,
        2
      ],
      [
        0,
        3
      ],
      [
        0,
        4
      ],
      [
        0,
        5
      ],
      [
        1,
        2
      ],
      [
        1,
        3
      ],
      [
        1,
        4
      ],
      [
        1,
        5
      ],
      [
        2,
        3
      ],
      [
        2,
        4
      ],
      [
        2,
        5
      ],
      [
        3,
        4
      ],
      [
        3,
        5
      ],
      [
        4,
        5
      ]
    ],
    "pairwise_min_cbf": {
      "0-1": 0.053253769363943305,
      "0-2": 1.2086775359890165,
      "0-3": 0.5842158254039124,
      "0-4": 1.2289934641991649,
      "0-5": 1.6609618409924787,
      "1-2": 0.49433423261587167,
      "1-3": 0.5008708427161066,
      "1-4": 0.5590834305709756,
      "1-5": 1.3876832722359018,
      "2-3": 1.2571257270097815,
      "2-4": 0.5502675092443942,
      "2-5": 0.6661398739047738,
      "3-4": 0.4761960277296257,
      "3-5": 1.5281509662226749,
      "4-5": 0.027021031151318972
    },
    "pairwise_min_cbf_step": {
      "0-1": 150,
      "0-2": 123,
      "0-3": 82,
      "0-4": 49,
      "0-5": 39,
      "1-2": 90,
      "1-3": 104,
      "1-4": 92,
      "1-5": 47,
      "2-3": 108,
      "2-4": 102,
      "2-5": 71,
      "3-4": 98,
      "3-5": 99,
      "4-5": 124
    },
    "pairwise_min_clearance": {
      "0-1": 0.000788465450310083,
      "0-2": 0.42766273426395596,
      "0-3": 0.11408357218354026,
      "0-4": 0.513054552327829,
      "0-5": 1.011129741320334,
      "1-2": 0.05234402209191391,
      "1-3": 0.058670957316757866,
      "1-4": 0.06890000212172442,
      "1-5": 0.49148583836490056,
      "2-3": 0.3912401252015901,
      "2-4": 0.06417797138235404,
      "2-5": 0.11361428564943221,
      "3-4": 0.048419794102956715,
      "3-5": 0.5144919608600598,
      "4-5": 0.000171504886955276
    },
    "pairwise_min_clearance_step": {
      "0-1": 150,
      "0-2": 136,
      "0-3": 86,
      "0-4": 86,
      "0-5": 86,
      "1-2": 92,
      "1-3": 106,
      "1-4": 94,
      "1-5": 86,
      "2-3": 113,
      "2-4": 105,
      "2-5": 79,
      "3-4": 99,
      "3-5": 112,
      "4-5": 124
    },
    "active_neighbor_counts": null,
    "qp_fallback_history": null,
    "qp_infeasible_history": null,
    "first_infeasible_event": null,
    "collision_event": null,
    "deadlock": {
      "deadlock_count": 0,
      "deadlock_agents": [],
      "first_deadlock_step": null,
      "deadlock_start_steps": {},
      "deadlock_window_steps": 20,
      "deadlock_speed_threshold": 0.05,
      "deadlock_displacement_threshold": 0.03
    },
    "stopped_not_at_goal": {
      "stopped_not_at_goal_steps": [
        0,
        55,
        10,
        13,
        56,
        16
      ],
      "stopped_not_at_goal_near_robots_steps": [
        0,
        55,
        0,
        5,
        53,
        15
      ],
      "stopped_not_at_goal_isolated_steps": [
        0,
        0,
        10,
        8,
        3,
        1
      ],
      "stopped_not_at_goal_control_thresholds": [
        0.06,
        0.12,
        0.12,
        0.12,
        0.12,
        0.12
      ],
      "stopped_not_at_goal_near_clearance_threshold": 0.15
    }
  }
}