{
  "name": "sensitivity_ds_0.10_gamma_0.50",
  "controller": "heterogeneous_barrier",
  "summary": {
    "min_clearance": 0.009266340679299656,
    "min_pair_distance": 0.5092663406792997,
    "min_cbf": 0.20998379622991808,
    "collision": false,
    "all_goals_reached": true,
    "mean_qp_ms": 0.6287181410352829,
    "p95_qp_ms": 1.0946101665467722,
    "max_qp_ms": 7.631454000147642,
    "completion_step": 429.0,
    "termination_reason": "all_goals_reached",
    "mean_goal_error": 0.007992118115000184,
    "mean_control_deviation": 0.39407669067677603,
    "per_agent_control_deviation": [
      0.46257379945826943,
      0.30962800866565643,
      0.3313891772328679,
      0.6055308008309079,
      0.28017567711815633,
      0.3751626807547981
    ]
  },
  "metadata": {
    "accel_limits": [
      0.6,
      1.2,
      1.2,
      1.2,
      1.2,
      1.2
    ],
    "speed_limits": [
      0.6,
      0.6,
      0.6,
      0.6,
      0.6,
      0.6
    ],
    "gamma": [
      0.5,
      0.5,
      0.5,
      0.5,
      0.5,
      0.5
    ],
    "radii": [
      0.4,
      0.2,
      0.2,
      0.2,
      0.2,
      0.2
    ],
    "safety_buffer": 0.1
  }
}