{
  "baseline_comparison": [
    {
      "experiment": "lane_swap_6",
      "controller": "nominal",
      "min_clearance": -0.3989781479958489,
      "min_cbf": -1.1978091097699792,
      "collision": true,
      "mean_qp_ms": 0.0,
      "p95_qp_ms": 0.0,
      "max_qp_ms": 0.0,
      "completion_step": null,
      "mean_goal_error": 2.2532391687701936,
      "mean_control_deviation": 0.0,
      "per_agent_control_deviation": [
        0.0,
        0.0,
        0.0,
        0.0,
        0.0,
        0.0
      ]
    },
    {
      "experiment": "lane_swap_6",
      "controller": "symmetric_barrier",
      "min_clearance": -0.004697065500162079,
      "min_cbf": -1.0349932021283574,
      "collision": true,
      "mean_qp_ms": 1.0449682499862927,
      "p95_qp_ms": 1.2635189992579399,
      "max_qp_ms": 1.6628399989713216,
      "completion_step": null,
      "mean_goal_error": 2.4536047859782424,
      "mean_control_deviation": 1.0549511132759144,
      "per_agent_control_deviation": [
        0.795647561712672,
        0.7671071037751851,
        1.4688563834116104,
        1.4110143533938122,
        0.3262027856444788,
        1.560878491717727
      ]
    },
    {
      "experiment": "lane_swap_6",
      "controller": "heterogeneous_barrier",
      "min_clearance": 0.0100080988220137,
      "min_cbf": 0.2134889291679418,
      "collision": false,
      "mean_qp_ms": 1.4959487499911321,
      "p95_qp_ms": 5.07072524977351,
      "max_qp_ms": 10.987229999955161,
      "completion_step": null,
      "mean_goal_error": 2.4974347832706227,
      "mean_control_deviation": 1.1098638319743808,
      "per_agent_control_deviation": [
        0.6661704360369813,
        1.1293072319306026,
        1.2433988404188423,
        1.4161525765682355,
        0.9603035626048706,
        1.2438503442867521
      ]
    }
  ],
  "scalability": [
    {
      "experiment": "lane_swap_10",
      "controller": "heterogeneous_barrier",
      "n_agents": 10,
      "min_clearance": 2.829136518905928e-05,
      "min_cbf": -0.00021055619019804545,
      "collision": false,
      "mean_qp_ms": 2.762836685045073,
      "p95_qp_ms": 9.84589199997572,
      "max_qp_ms": 42.92753400004585,
      "completion_step": 277.0,
      "mean_goal_error": 0.017374023685789462,
      "mean_control_deviation": 0.48614671989021313,
      "per_agent_control_deviation": [
        0.49304664189807396,
        0.5614074735786528,
        0.4757387821871402,
        0.6221867232859427,
        0.2783540031428023,
        0.27835400314320513,
        0.6221867122288545,
        0.4757387686233045,
        0.5614074717210242,
        0.4930466190931302
      ]
    },
    {
      "experiment": "lane_swap_15",
      "controller": "heterogeneous_barrier",
      "n_agents": 15,
      "min_clearance": 2.1865736561321736e-05,
      "min_cbf": -0.05757464154694191,
      "collision": false,
      "mean_qp_ms": 3.0467518166108367,
      "p95_qp_ms": 12.994115999996817,
      "max_qp_ms": 32.81238600005357,
      "completion_step": 549.0,
      "mean_goal_error": 0.00601418167746137,
      "mean_control_deviation": 0.3671053803291114,
      "per_agent_control_deviation": [
        0.28461790094670547,
        0.3585184992759383,
        0.34216207707471247,
        0.28075891507504414,
        0.2776317189273887,
        0.35229387533274903,
        0.4185448239220964,
        0.4087726201483502,
        0.4911835432497777,
        0.26240719200976975,
        0.4019060176376532,
        0.31055165911060717,
        0.34129345649389725,
        0.4194613893455551,
        0.5564770163864238
      ]
    },
    {
      "experiment": "lane_swap_20",
      "controller": "heterogeneous_barrier",
      "n_agents": 20,
      "min_clearance": -0.015463081498481968,
      "min_cbf": -0.21158730279979554,
      "collision": true,
      "mean_qp_ms": 3.59775282506122,
      "p95_qp_ms": 11.064692849959101,
      "max_qp_ms": 35.07678449996092,
      "completion_step": 397.0,
      "mean_goal_error": 0.008351814347027467,
      "mean_control_deviation": 0.5534398278230239,
      "per_agent_control_deviation": [
        0.41353731336288013,
        0.60073239959867,
        0.6278576322882838,
        0.6110786089981688,
        0.4810354589798131,
        0.6327411398592029,
        0.5887428567569923,
        0.6785361457636653,
        0.5457682704327305,
        0.25452081486192407,
        0.6837559339938959,
        0.6531107080128515,
        0.6745652449260373,
        0.5310159505776442,
        0.5229386483555448,
        0.4616569618498539,
        0.545234611533266,
        0.5572419219304586,
        0.5316051606455832,
        0.4731207737330125
      ]
    }
  ],
  "sensitivity": [
    {
      "experiment": "sensitivity_ds_0.00_gamma_0.50",
      "controller": "heterogeneous_barrier",
      "min_clearance": 0.020578874825967874,
      "min_cbf": 0.3026196686457094,
      "collision": false,
      "mean_qp_ms": 0.5843309639001544,
      "p95_qp_ms": 0.8070261834897516,
      "max_qp_ms": 1.6513341667329466,
      "completion_step": null,
      "mean_goal_error": 2.7189692758260002,
      "mean_control_deviation": 1.1982973170836475,
      "per_agent_control_deviation": [
        0.741747430087529,
        1.1884377924713594,
        1.3567780092960788,
        1.501349375285845,
        0.9904089454313719,
        1.4110623499297008
      ]
    },
    {
      "experiment": "sensitivity_ds_0.00_gamma_1.00",
      "controller": "heterogeneous_barrier",
      "min_clearance": 0.0100080988220137,
      "min_cbf": 0.2134889291679418,
      "collision": false,
      "mean_qp_ms": 0.8666746388927196,
      "p95_qp_ms": 2.020525291482047,
      "max_qp_ms": 3.207912166544702,
      "completion_step": null,
      "mean_goal_error": 2.4974347832706227,
      "mean_control_deviation": 1.1098638319743808,
      "per_agent_control_deviation": [
        0.6661704360369813,
        1.1293072319306026,
        1.2433988404188423,
        1.4161525765682355,
        0.9603035626048706,
        1.2438503442867521
      ]
    },
    {
      "experiment": "sensitivity_ds_0.00_gamma_2.00",
      "controller": "heterogeneous_barrier",
      "min_clearance": 0.00303862727579407,
      "min_cbf": 0.10459949392726049,
      "collision": false,
      "mean_qp_ms": 0.8848239249800827,
      "p95_qp_ms": 1.579840508247812,
      "max_qp_ms": 6.464017833119821,
      "completion_step": null,
      "mean_goal_error": 2.4218052469116214,
      "mean_control_deviation": 0.9166693329035895,
      "per_agent_control_deviation": [
        0.8016184858512289,
        0.8071610003597428,
        0.9990685864398478,
        1.031122093254075,
        0.7451298102262984,
        1.1159160212903443
      ]
    },
    {
      "experiment": "sensitivity_ds_0.05_gamma_0.50",
      "controller": "heterogeneous_barrier",
      "min_clearance": 0.023824831494276888,
      "min_cbf": 0.32571531206936694,
      "collision": false,
      "mean_qp_ms": 0.5786337555340045,
      "p95_qp_ms": 0.8812247750483951,
      "max_qp_ms": 1.1961256665623903,
      "completion_step": null,
      "mean_goal_error": 2.7478271314603187,
      "mean_control_deviation": 1.2279097138648507,
      "per_agent_control_deviation": [
        0.7746712706540474,
        1.1937818818385215,
        1.400160029929335,
        1.5483204499967596,
        0.9974118089855437,
        1.4531128417848957
      ]
    },
    {
      "experiment": "sensitivity_ds_0.05_gamma_1.00",
      "controller": "heterogeneous_barrier",
      "min_clearance": 0.011554288014215153,
      "min_cbf": 0.2293966965041715,
      "collision": false,
      "mean_qp_ms": 0.9003227888772218,
      "p95_qp_ms": 1.9019747168840715,
      "max_qp_ms": 2.6003651664723293,
      "completion_step": null,
      "mean_goal_error": 2.51821388213038,
      "mean_control_deviation": 1.1555137820155355,