{
  "baseline_comparison": [
    {
      "experiment": "lane_swap_6",
      "controller": "nominal",
      "min_clearance": -0.0025596395503413305,
      "min_pair_distance": 0.5260896629358797,
      "min_cbf": -0.33785941627288174,
      "collision": true,
      "all_goals_reached": false,
      "mean_qp_ms": 0.0,
      "p95_qp_ms": 0.0,
      "max_qp_ms": 0.0,
      "completion_step": null,
      "termination_reason": "collision",
      "mean_goal_error": 3.347770838995149,
      "mean_control_deviation": 0.0,
      "per_agent_control_deviation": [
        0.0,
        0.0,
        0.0,
        0.0,
        0.0,
        0.0
      ]
    },
    {
      "experiment": "lane_swap_6",
      "controller": "symmetric_barrier",
      "min_clearance": -0.004697065500162079,
      "min_pair_distance": 0.39530293449983794,
      "min_cbf": -1.0349932021283574,
      "collision": true,
      "all_goals_reached": false,
      "mean_qp_ms": 0.9597120001469901,
      "p95_qp_ms": 1.1586758011617349,
      "max_qp_ms": 1.486641001974931,
      "completion_step": null,
      "termination_reason": "collision",
      "mean_goal_error": 2.4536047859782424,
      "mean_control_deviation": 1.0549511132759144,
      "per_agent_control_deviation": [
        0.795647561712672,
        0.7671071037751851,
        1.4688563834116104,
        1.4110143533938122,
        0.3262027856444788,
        1.560878491717727
      ]
    },
    {
      "experiment": "lane_swap_6",
      "controller": "heterogeneous_barrier",
      "min_clearance": 6.5471317739485e-07,
      "min_pair_distance": 0.4000006547131774,
      "min_cbf": 0.0020235149172234835,
      "collision": false,
      "all_goals_reached": true,
      "mean_qp_ms": 0.5364863412538837,
      "p95_qp_ms": 0.7053856661514146,
      "max_qp_ms": 4.225820833501833,
      "completion_step": 273.0,
      "termination_reason": "all_goals_reached",
      "mean_goal_error": 0.006500539419722146,
      "mean_control_deviation": 0.4088999834072421,
      "per_agent_control_deviation": [
        0.3179276753337757,
        0.35953177678289877,
        0.40374124790290844,
        0.5483831792516564,
        0.3868791695614705,
        0.4369368516107427
      ]
    }
  ],
  "canonical_swap_comparison": [
    {
      "experiment": "lane_swap_6",
      "controller": "nominal",
      "min_clearance": -0.0025596395503413305,
      "min_pair_distance": 0.5260896629358797,
      "min_cbf": -0.33785941627288174,
      "collision": true,
      "all_goals_reached": false,
      "mean_qp_ms": 0.0,
      "p95_qp_ms": 0.0,
      "max_qp_ms": 0.0,
      "completion_step": null,
      "termination_reason": "collision",
      "mean_goal_error": 3.347770838995149,
      "mean_control_deviation": 0.0,
      "per_agent_control_deviation": [
        0.0,
        0.0,
        0.0,
        0.0,
        0.0,
        0.0
      ]
    },
    {
      "experiment": "lane_swap_6",
      "controller": "symmetric_barrier",
      "min_clearance": -0.004697065500162079,
      "min_pair_distance": 0.39530293449983794,
      "min_cbf": -1.0349932021283574,
      "collision": true,
      "all_goals_reached": false,
      "mean_qp_ms": 0.9597120001469901,
      "p95_qp_ms": 1.1586758011617349,
      "max_qp_ms": 1.486641001974931,
      "completion_step": null,
      "termination_reason": "collision",
      "mean_goal_error": 2.4536047859782424,
      "mean_control_deviation": 1.0549511132759144,
      "per_agent_control_deviation": [
        0.795647561712672,
        0.7671071037751851,
        1.4688563834116104,
        1.4110143533938122,
        0.3262027856444788,
        1.560878491717727
      ]
    },
    {
      "experiment": "lane_swap_6",
      "controller": "heterogeneous_barrier",
      "min_clearance": 6.5471317739485e-07,
      "min_pair_distance": 0.4000006547131774,
      "min_cbf": 0.0020235149172234835,
      "collision": false,
      "all_goals_reached": true,
      "mean_qp_ms": 0.5364863412538837,
      "p95_qp_ms": 0.7053856661514146,
      "max_qp_ms": 4.225820833501833,
      "completion_step": 273.0,
      "termination_reason": "all_goals_reached",
      "mean_goal_error": 0.006500539419722146,
      "mean_control_deviation": 0.4088999834072421,
      "per_agent_control_deviation": [
        0.3179276753337757,
        0.35953177678289877,
        0.40374124790290844,
        0.5483831792516564,
        0.3868791695614705,
        0.4369368516107427
      ]
    }
  ],
  "scalability": [
    {
      "experiment": "lane_swap_10",
      "controller": "heterogeneous_barrier",
      "n_agents": 10,
      "min_clearance": 2.829136518905928e-05,
      "min_pair_distance": 0.32221010421026125,
      "min_cbf": -0.00021055619019804545,
      "collision": false,
      "all_goals_reached": true,
      "mean_qp_ms": 0.978280097006426,
      "p95_qp_ms": 2.0140774999163114,
      "max_qp_ms": 18.120980199819314,
      "completion_step": 301.0,
      "termination_reason": "all_goals_reached",
      "mean_goal_error": 0.017374023685789462,
      "mean_control_deviation": 0.48614671989021313,
      "per_agent_control_deviation": [
        0.49304664189807396,
        0.5614074735786528,
        0.4757387821871402,
        0.6221867232859427,
        0.2783540031428023,
        0.27835400314320513,
        0.6221867122288545,
        0.4757387686233045,
        0.5614074717210242,
        0.4930466190931302
      ]
    },
    {
      "experiment": "lane_swap_15",
      "controller": "heterogeneous_barrier",
      "n_agents": 15,
      "min_clearance": 2.1865736561321736e-05,
      "min_pair_distance": 0.32002186573656133,
      "min_cbf": -0.05757464154694191,
      "collision": false,
      "all_goals_reached": true,
      "mean_qp_ms": 1.2839311409994176,
      "p95_qp_ms": 3.320977533197341,
      "max_qp_ms": 18.58376926660033,
      "completion_step": 574.0,
      "termination_reason": "all_goals_reached",
      "mean_goal_error": 0.00601418167746137,
      "mean_control_deviation": 0.3671053803291114,
      "per_agent_control_deviation": [
        0.28461790094670547,
        0.3585184992759383,
        0.34216207707471247,
        0.28075891507504414,
        0.2776317189273887,
        0.35229387533274903,
        0.4185448239220964,
        0.4087726201483502,
        0.4911835432497777,
        0.26240719200976975,
        0.4019060176376532,
        0.31055165911060717,
        0.34129345649389725,
        0.4194613893455551,
        0.5564770163864238
      ]
    },
    {
      "experiment": "lane_swap_20",
      "controller": "heterogeneous_barrier",
      "n_agents": 20,
      "min_clearance": -0.0010980348155686381,
      "min_pair_distance": 0.31890196518443137,
      "min_cbf": -0.06885574436710822,
      "collision": true,
      "all_goals_reached": false,
      "mean_qp_ms": 1.4080142166647651,
      "p95_qp_ms": 3.3336219501507003,
      "max_qp_ms": 21.1382676001449,
      "completion_step": null,
      "termination_reason": "collision",
      "mean_goal_error": 2.953342191965759,
      "mean_control_deviation": 1.3419671861084712,
      "per_agent_control_deviation": [
        0.8045544235056448,
        1.6205008137134675,
        1.6431515477249121,
        1.5056935175497559,
        0.6882357368486592,
        1.2448329871456576,
        1.5172736048817839,
        1.665681824737027,
        1.649823226062153,
        0.8208122858525329,
        1.6418678594449465,
        1.6577294622480816,
        1.6405221415503117,
        1.3596158108039798,
        0.6983528081020312,
        1.266801230724338,
        1.5513292634878721,
        1.5469938821464604,
        1.4560776435237215,
        0.8594936521160881
      ]
    }
  ],
  "sensitivity": [
    {
      "experiment": "sensitivity_ds_0.00_gamma_0.50",
      "controller": "heterogeneous_barrier",
      "min_clearance": 0.005415356238890279,
      "min_pair_distance": 0.4054153562388903,
      "min_cbf": 0.16118553317573617,
      "collision": false,