{
  "name": "lane_swap_6",
  "controller": "heterogeneous_barrier",
  "summary": {
    "min_clearance": 6.5471317739485e-07,
    "min_pair_distance": 0.4000006547131774,
    "min_cbf": 0.0020235149172234835,
    "collision": false,
    "all_goals_reached": true,
    "mean_qp_ms": 0.5364863412538837,
    "p95_qp_ms": 0.7053856661514146,
    "max_qp_ms": 4.225820833501833,
    "completion_step": 273.0,
    "termination_reason": "all_goals_reached",
    "mean_goal_error": 0.006500539419722146,
    "mean_control_deviation": 0.4088999834072421,
    "per_agent_control_deviation": [
      0.3179276753337757,
      0.35953177678289877,
      0.40374124790290844,
      0.5483831792516564,
      0.3868791695614705,
      0.4369368516107427
    ]
  },
  "metadata": {
    "accel_limits": [
      0.6,
      1.2,
      1.2,
      1.2,
      1.2,
      1.2
    ],
    "speed_limits": [
      0.6,
      0.6,
      0.6,
      0.6,
      0.6,
      0.6
    ],
    "gamma": [
      1.0,
      1.0,
      1.0,
      1.0,
      1.0,
      1.0
    ],
    "radii": [
      0.4,
      0.2,
      0.2,
      0.2,
      0.2,
      0.2
    ],
    "safety_buffer": 0.0
  }
}