{
  "name": "lane_swap_6",
  "controller": "symmetric_barrier",
  "summary": {
    "min_clearance": -0.004697065500162079,
    "min_cbf": -1.0349932021283574,
    "collision": true,
    "mean_qp_ms": 1.0449682499862927,
    "p95_qp_ms": 1.2635189992579399,
    "max_qp_ms": 1.6628399989713216,
    "completion_step": null,
    "mean_goal_error": 2.4536047859782424,
    "mean_control_deviation": 1.0549511132759144,
    "per_agent_control_deviation": [
      0.795647561712672,
      0.7671071037751851,
      1.4688563834116104,
      1.4110143533938122,
      0.3262027856444788,
      1.560878491717727
    ]
  },
  "metadata": {
    "accel_limits": [
      0.6,
      1.2,
      1.2,
      1.2,
      1.2,
      1.2
    ],
    "speed_limits": [
      0.6,
      0.6,
      0.6,
      0.6,
      0.6,
      0.6
    ],
    "gamma": [
      1.0,
      1.0,
      1.0,
      1.0,
      1.0,
      1.0
    ],
    "radii": [
      0.4,
      0.2,
      0.2,
      0.2,
      0.2,
      0.2
    ],
    "safety_buffer": 0.0
  }
}