{
  "name": "lane_swap_10",
  "controller": "heterogeneous_barrier",
  "summary": {
    "min_clearance": 1.5759234810341916e-05,
    "min_pair_distance": 0.32001575923481035,
    "min_cbf": 0.0035723375350114007,
    "collision": false,
    "all_goals_reached": true,
    "mean_qp_ms": 1.8254187487538056,
    "p95_qp_ms": 3.674779200082412,
    "max_qp_ms": 51.92502860008972,
    "completion_step": 238.0,
    "termination_reason": "all_goals_reached",
    "mean_goal_error": 0.018405651366805865,
    "mean_control_deviation": 0.5273592442076286,
    "per_agent_control_deviation": [
      0.312645205879526,
      0.6507029291383021,
      0.4227317935195839,
      0.6677785375079712,
      0.5829377549940743,
      0.5829377549913469,
      0.6677785375087797,
      0.42273179351961826,
      0.6507029291386919,
      0.3126452058783913
    ],
    "deadlock_count": 0,
    "deadlock_agents": [],
    "first_deadlock_step": null,
    "collision_after_clamping": false,
    "infeasibility_before_collision": false
  },
  "metadata": {
    "accel_limits": [
      0.6,
      1.2,
      1.2,
      1.2,
      1.2,
      1.2,
      1.2,
      1.2,
      1.2,
      0.6
    ],
    "speed_limits": [
      0.7,
      0.7,
      0.7,
      0.7,
      0.7,
      0.7,
      0.7,
      0.7,
      0.7,
      0.7
    ],
    "gamma": [
      1.0,
      1.0,
      1.0,
      1.0,
      1.0,
      1.0,
      1.0,
      1.0,
      1.0,
      1.0
    ],
    "radii": [
      0.28,
      0.16,
      0.16,
      0.16,
      0.16,
      0.16,
      0.16,
      0.16,
      0.16,
      0.28
    ],
    "safety_buffer": 0.0,
    "pair_indices": [
      [
        0,
        1
      ],
      [
        0,
        2
      ],
      [
        0,
        3
      ],
      [
        0,
        4
      ],
      [
        0,
        5
      ],
      [
        0,
        6
      ],
      [
        0,
        7
      ],
      [
        0,
        8
      ],
      [
        0,
        9
      ],
      [
        1,
        2
      ],
      [
        1,
        3
      ],
      [
        1,
        4
      ],
      [
        1,
        5
      ],
      [
        1,
        6
      ],
      [
        1,
        7
      ],
      [
        1,
        8
      ],
      [
        1,
        9
      ],
      [
        2,
        3
      ],
      [
        2,
        4
      ],
      [
        2,
        5
      ],
      [
        2,
        6
      ],
      [
        2,
        7
      ],
      [
        2,
        8
      ],
      [
        2,
        9
      ],
      [
        3,
        4
      ],
      [
        3,
        5
      ],
      [
        3,
        6
      ],
      [
        3,
        7
      ],
      [
        3,
        8
      ],
      [
        3,
        9
      ],
      [
        4,
        5
      ],
      [
        4,
        6
      ],
      [
        4,
        7
      ],
      [
        4,
        8
      ],
      [
        4,
        9
      ],
      [
        5,
        6
      ],
      [
        5,
        7
      ],
      [
        5,
        8
      ],
      [
        5,
        9
      ],
      [
        6,
        7
      ],
      [
        6,
        8
      ],
      [
        6,
        9
      ],
      [
        7,
        8
      ],
      [
        7,
        9
      ],
      [
        8,
        9
      ]
    ],
    "pairwise_min_cbf": {
      "0-1": 0.003572337536637592,
      "0-2": 0.4207495527617201,
      "0-3": 0.9929986989608188,
      "0-4": 1.4075587809474341,
      "0-5": 0.8596105338205297,
      "0-6": 0.8317002691198058,
      "0-7": 0.9652706909860889,
      "0-8": 1.1842973986549583,
      "0-9": 0.8709610668770936,
      "1-2": 0.3496016990079072,
      "1-3": 1.3294861324984606,
      "1-4": 1.8480915309616037,
      "1-5": 0.4327671738149504,
      "1-6": 0.39661386782424596,
      "1-7": 0.8972121069465162,
      "1-8": 1.3776790586015262,
      "1-9": 1.184297398654841,
      "2-3": 0.346354469197239,
      "2-4": 1.2372424665301558,
      "2-5": 1.0111020305998166,
      "2-6": 0.4083285764504033,
      "2-7": 0.39819672570617215,
      "2-8": 0.8972121069473071,
      "2-9": 0.9652706909863924,
      "3-4": 0.005796351329745115,
      "3-5": 1.3682312060361275,
      "3-6": 1.0063303259061478,
      "3-7": 0.4083285764504087,
      "3-8": 0.3966138678238251,
      "3-9": 0.8317002691196006,
      "4-5": 1.6930046167603372,
      "4-6": 1.3682312060360746,
      "4-7": 1.0111020305997762,
      "4-8": 0.4327671738149308,
      "4-9": 0.8596105338201756,
      "5-6": 0.005796351345938823,
      "5-7": 1.2372424665323083,
      "5-8": 1.8480915309616053,
      "5-9": 1.4075587809468713,
      "6-7": 0.34635446919720997,
      "6-8": 1.329486132498457,
      "6-9": 0.9929986989613859,
      "7-8": 0.34960169900790083,
      "7-9": 0.42074955275949116,
      "8-9": 0.0035723375350114007
    },
    "pairwise_min_cbf_step": {
      "0-1": 107,
      "0-2": 96,
      "0-3": 94,
      "0-4": 60,
      "0-5": 63,
      "0-6": 63,
      "0-7": 61,
      "0-8": 59,
      "0-9": 59,
      "1-2": 102,
      "1-3": 102,
      "1-4": 94,
      "1-5": 101,
      "1-6": 110,
      "1-7": 121,
      "1-8": 52,
      "1-9": 59,
      "2-3": 104,
      "2-4": 122,
      "2-5": 60,
      "2-6": 106,
      "2-7": 109,
      "2-8": 121,
      "2-9": 61,
      "3-4": 132,
      "3-5": 56,
      "3-6": 59,
      "3-7": 106,
      "3-8": 110,
      "3-9": 63,
      "4-5": 55,
      "4-6": 56,
      "4-7": 60,
      "4-8": 101,
      "4-9": 63,
      "5-6": 132,
      "5-7": 122,
      "5-8": 94,
      "5-9": 60,
      "6-7": 104,
      "6-8": 102,
      "6-9": 94,
      "7-8": 102,
      "7-9": 96,
      "8-9": 107
    },
    "pairwise_min_clearance": {
      "0-1": 3.152777277959373e-05,
      "0-2": 0.05133818764783998,
      "0-3": 0.2862289260380084,
      "0-4": 0.5905934784212427,
      "0-5": 0.3532270292331202,
      "0-6": 0.30564166282447336,
      "0-7": 0.4096926328433418,
      "0-8": 0.622353459469653,
      "0-9": 0.7811330442826712,
      "1-2": 0.0257946944365412,
      "1-3": 0.37132085321011515,
      "1-4": 0.7231759436195835,
      "1-5": 0.04086867582030829,
      "1-6": 0.03328120258821232,
      "1-7": 0.23646074524976995,
      "1-8": 0.5886670290616483,
      "1-9": 0.6223534594692374,
      "2-3": 0.025339644244195825,
      "2-4": 0.3616404287680573,
      "2-5": 0.29166713638669445,
      "2-6": 0.03591792558396617,
      "2-7": 0.03352975671698827,
      "2-8": 0.23646074524976007,
      "2-9": 0.4096926328429612,
      "3-4": 1.5759234810341916e-05,
      "3-5": 0.6059316515724096,
      "3-6": 0.28523437480241315,
      "3-7": 0.03591792558396684,
      "3-8": 0.03328120258821715,
      "3-9": 0.3056416628242906,
      "4-5": 0.9409601491297908,
      "4-6": 0.6059316515724009,
      "4-7": 0.29166713638668734,
      "4-8": 0.0408686758203054,
      "4-9": 0.3532270292332701,
      "5-6": 1.5759234909540343e-05,
      "5-7": 0.361640428768971,
      "5-8": 0.7231759436195875,
      "5-9": 0.5905934784208559,
      "6-7": 0.025339644244192105,
      "6-8": 0.37132085321012215,
      "6-9": 0.28622892603755157,
      "7-8": 0.025794694436540477,
      "7-9": 0.05133818764759501,
      "8-9": 3.1527772782147245e-05
    },
    "pairwise_min_clearance_step": {
      "0-1": 105,
      "0-2": 99,
      "0-3": 100,
      "0-4": 99,
      "0-5": 102,
      "0-6": 102,
      "0-7": 101,
      "0-8": 100,
      "0-9": 100,
      "1-2": 103,
      "1-3": 104,
      "1-4": 98,
      "1-5": 101,
      "1-6": 114,
      "1-7": 124,
      "1-8": 131,
      "1-9": 100,
      "2-3": 105,
      "2-4": 132,
      "2-5": 99,
      "2-6": 107,
      "2-7": 112,
      "2-8": 124,
      "2-9": 101,
      "3-4": 136,
      "3-5": 99,
      "3-6": 106,
      "3-7": 107,
      "3-8": 114,
      "3-9": 102,
      "4-5": 98,
      "4-6": 99,
      "4-7": 99,
      "4-8": 101,
      "4-9": 102,
      "5-6": 136,
      "5-7": 132,
      "5-8": 98,
      "5-9": 99,