{
  "name": "lane_swap_15",
  "controller": "heterogeneous_barrier",
  "summary": {
    "min_clearance": -3.305038696332918e-06,
    "min_pair_distance": 0.3937399093292886,
    "min_cbf": 0.000810847356098425,
    "collision": true,
    "all_goals_reached": false,
    "mean_qp_ms": 3.1448973777537224,
    "p95_qp_ms": 4.603693066261864,
    "max_qp_ms": 41.659218199977964,
    "completion_step": null,
    "termination_reason": "collision",
    "mean_goal_error": 4.244102753067985,
    "mean_control_deviation": 0.49262523533205826,
    "per_agent_control_deviation": [
      0.3624257308914122,
      0.6892901423801873,
      0.7439014342192884,
      0.29679630864154405,
      0.25966982391403337,
      0.617339794536749,
      0.6840984169073343,
      0.5367028151745865,
      0.3342880214332662,
      0.3729199011333115,
      0.846556044276415,
      0.1357019652145839,
      0.5726304851029625,
      0.7790673779601602,
      0.15799026819503967
    ],
    "deadlock_count": 0,
    "deadlock_agents": [],
    "first_deadlock_step": null,
    "collision_after_clamping": false,
    "infeasibility_before_collision": false,
    "collision_step": 27,
    "collision_pair": [
      0,
      1
    ],
    "collision_pair_h_ij": 0.02323324849867962,
    "collision_pair_h_margin": 0.000810847356098425
  },
  "metadata": {
    "accel_limits": [
      0.6,
      1.2,
      1.2,
      1.2,
      0.6,
      1.2,
      1.2,
      1.2,
      1.2,
      0.6,
      1.2,
      1.2,
      1.2,
      1.2,
      0.6
    ],
    "speed_limits": [
      0.7,
      0.7,
      0.7,
      0.7,
      0.7,
      0.7,
      0.7,
      0.7,
      0.7,
      0.7,
      0.7,
      0.7,
      0.7,
      0.7,
      0.7
    ],
    "gamma": [
      1.0,
      1.0,
      1.0,
      1.0,
      1.0,
      1.0,
      1.0,
      1.0,
      1.0,
      1.0,
      1.0,
      1.0,
      1.0,
      1.0,
      1.0
    ],
    "radii": [
      0.28,
      0.16,
      0.16,
      0.16,
      0.28,
      0.16,
      0.16,
      0.16,
      0.16,
      0.28,
      0.16,
      0.16,
      0.16,
      0.16,
      0.28
    ],
    "safety_buffer": 0.0,
    "pair_indices": [
      [
        0,
        1
      ],
      [
        0,
        2
      ],
      [
        0,
        3
      ],
      [
        0,
        4
      ],
      [
        0,
        5
      ],
      [
        0,
        6
      ],
      [
        0,
        7
      ],
      [
        0,
        8
      ],
      [
        0,
        9
      ],
      [
        0,
        10
      ],
      [
        0,
        11
      ],
      [
        0,
        12
      ],
      [
        0,
        13
      ],
      [
        0,
        14
      ],
      [
        1,
        2
      ],
      [
        1,
        3
      ],
      [
        1,
        4
      ],
      [
        1,
        5
      ],
      [
        1,
        6
      ],
      [
        1,
        7
      ],
      [
        1,
        8
      ],
      [
        1,
        9
      ],
      [
        1,
        10
      ],
      [
        1,
        11
      ],
      [
        1,
        12
      ],
      [
        1,
        13
      ],
      [
        1,
        14
      ],
      [
        2,
        3
      ],
      [
        2,
        4
      ],
      [
        2,
        5
      ],
      [
        2,
        6
      ],
      [
        2,
        7
      ],
      [
        2,
        8
      ],
      [
        2,
        9
      ],
      [
        2,
        10
      ],
      [
        2,
        11
      ],
      [
        2,
        12
      ],
      [
        2,
        13
      ],
      [
        2,
        14
      ],
      [
        3,
        4
      ],
      [
        3,
        5
      ],
      [
        3,
        6
      ],
      [
        3,
        7
      ],
      [
        3,
        8
      ],
      [
        3,
        9
      ],
      [
        3,
        10
      ],
      [
        3,
        11
      ],
      [
        3,
        12
      ],
      [
        3,
        13
      ],
      [
        3,
        14
      ],
      [
        4,
        5
      ],
      [
        4,
        6
      ],
      [
        4,
        7
      ],
      [
        4,
        8
      ],
      [
        4,
        9
      ],
      [
        4,
        10
      ],
      [
        4,
        11
      ],
      [
        4,
        12
      ],
      [
        4,
        13
      ],
      [
        4,
        14
      ],
      [
        5,
        6
      ],
      [
        5,
        7
      ],
      [
        5,
        8
      ],
      [
        5,
        9
      ],
      [
        5,
        10
      ],
      [
        5,
        11
      ],
      [
        5,
        12
      ],
      [
        5,
        13
      ],
      [
        5,
        14
      ],
      [
        6,
        7
      ],
      [
        6,
        8
      ],
      [
        6,
        9
      ],
      [
        6,
        10
      ],
      [
        6,
        11
      ],
      [
        6,
        12
      ],
      [
        6,
        13
      ],
      [
        6,
        14
      ],
      [
        7,
        8
      ],
      [
        7,
        9
      ],
      [
        7,
        10
      ],
      [
        7,
        11
      ],
      [
        7,
        12
      ],
      [
        7,
        13
      ],
      [
        7,
        14
      ],
      [
        8,
        9
      ],
      [
        8,
        10
      ],
      [
        8,
        11
      ],
      [
        8,
        12
      ],
      [
        8,
        13
      ],
      [
        8,
        14
      ],
      [
        9,
        10
      ],
      [
        9,
        11
      ],
      [
        9,
        12
      ],
      [
        9,
        13
      ],
      [
        9,
        14
      ],
      [
        10,
        11
      ],
      [
        10,
        12
      ],
      [
        10,
        13
      ],
      [
        10,
        14
      ],
      [
        11,
        12
      ],
      [
        11,
        13
      ],
      [
        11,
        14
      ],
      [
        12,
        13
      ],
      [
        12,
        14
      ],
      [
        13,
        14
      ]
    ],
    "pairwise_min_cbf": {
      "0-1": 0.000810847356098425,
      "0-2": 0.9965558546569347,
      "0-3": 1.4359573386388105,
      "0-4": 0.9202753260935266,
      "0-5": 1.6684833922661695,
      "0-6": 1.9060093306774852,
      "0-7": 2.1121683383794476,
      "0-8": 2.1351927098154904,
      "0-9": 1.7002760596672737,
      "0-10": 1.9574082892876905,
      "0-11": 2.0125539239540995,
      "0-12": 2.1006063197804616,
      "0-13": 2.216767584525783,
      "0-14": 1.6711114513631393,
      "1-2": 0.49953465360314425,
      "1-3": 1.3669917595389494,
      "1-4": 1.1385983924563372,
      "1-5": 1.8546507997505928,
      "1-6": 2.190739499671473,
      "1-7": 2.475993271993382,
      "1-8": 2.4422334439431266,
      "1-9": 2.088074033852755,
      "1-10": 2.22042420998096,
      "1-11": 2.2708443116038657,
      "1-12": 2.3716814204218073,
      "1-13": 2.516859157154654,
      "1-14": 2.1549407104657874,
      "2-3": 0.5613312344143584,
      "2-4": 0.7861932148813089,
      "2-5": 1.500420348032633,
      "2-6": 1.9125660287252972,
      "2-7": 2.246489671803981,
      "2-8": 2.4293998558562944,
      "2-9": 2.022901063885604,
      "2-10": 2.170969551325744,
      "2-11": 2.1837437957324743,
      "2-12": 2.255365308925846,
      "2-13": 2.3835422873969945,
      "2-14": 2.0538263779612445,
      "3-4": 0.03594839392418615,
      "3-5": 0.9329498211214915,
      "3-6": 1.499208243865527,
      "3-7": 1.9100432687954685,
      "3-8": 2.4940053550264514,
      "3-9": 2.0193406672473024,
      "3-10": 2.1915521856074918,
      "3-11": 2.1537976975254907,
      "3-12": 2.179160109841323,
      "3-13": 2.2721474585014363,
      "3-14": 1.958407879318823,
      "4-5": 0.43158278173058956,
      "4-6": 1.1187031431730057,