{
  "name": "lane_swap_20",
  "controller": "heterogeneous_barrier",
  "summary": {
    "min_clearance": -0.015463081498481968,
    "min_cbf": -0.21158730279979554,
    "collision": true,
    "mean_qp_ms": 3.59775282506122,
    "p95_qp_ms": 11.064692849959101,
    "max_qp_ms": 35.07678449996092,
    "completion_step": 397.0,
    "mean_goal_error": 0.008351814347027467,
    "mean_control_deviation": 0.5534398278230239,
    "per_agent_control_deviation": [
      0.41353731336288013,
      0.60073239959867,
      0.6278576322882838,
      0.6110786089981688,
      0.4810354589798131,
      0.6327411398592029,
      0.5887428567569923,
      0.6785361457636653,
      0.5457682704327305,
      0.25452081486192407,
      0.6837559339938959,
      0.6531107080128515,
      0.6745652449260373,
      0.5310159505776442,
      0.5229386483555448,
      0.4616569618498539,
      0.545234611533266,
      0.5572419219304586,
      0.5316051606455832,
      0.4731207737330125
    ]
  },
  "metadata": {
    "accel_limits": [
      0.6,
      1.2,
      1.2,
      1.2,
      0.6,
      1.2,
      1.2,
      1.2,
      1.2,
      0.6,
      1.2,
      1.2,
      1.2,
      1.2,
      0.6,
      1.2,
      1.2,
      1.2,
      1.2,
      0.6
    ],
    "speed_limits": [
      0.7,
      0.7,
      0.7,
      0.7,
      0.7,
      0.7,
      0.7,
      0.7,
      0.7,
      0.7,
      0.7,
      0.7,
      0.7,
      0.7,
      0.7,
      0.7,
      0.7,
      0.7,
      0.7,
      0.7
    ],
    "gamma": [
      1.0,
      1.0,
      1.0,
      1.0,
      1.0,
      1.0,
      1.0,
      1.0,
      1.0,
      1.0,
      1.0,
      1.0,
      1.0,
      1.0,
      1.0,
      1.0,
      1.0,
      1.0,
      1.0,
      1.0
    ],
    "radii": [
      0.28,
      0.16,
      0.16,
      0.16,
      0.28,
      0.16,
      0.16,
      0.16,
      0.16,
      0.28,
      0.16,
      0.16,
      0.16,
      0.16,
      0.28,
      0.16,
      0.16,
      0.16,
      0.16,
      0.28
    ],
    "safety_buffer": 0.0
  }
}