{
  "name": "lane_swap_20",
  "controller": "heterogeneous_barrier",
  "summary": {
    "min_clearance": -0.0010980348155686381,
    "min_pair_distance": 0.31890196518443137,
    "min_cbf": -0.06885574436710822,
    "collision": true,
    "all_goals_reached": false,
    "mean_qp_ms": 1.4080142166647651,
    "p95_qp_ms": 3.3336219501507003,
    "max_qp_ms": 21.1382676001449,
    "completion_step": null,
    "termination_reason": "collision",
    "mean_goal_error": 2.953342191965759,
    "mean_control_deviation": 1.3419671861084712,
    "per_agent_control_deviation": [
      0.8045544235056448,
      1.6205008137134675,
      1.6431515477249121,
      1.5056935175497559,
      0.6882357368486592,
      1.2448329871456576,
      1.5172736048817839,
      1.665681824737027,
      1.649823226062153,
      0.8208122858525329,
      1.6418678594449465,
      1.6577294622480816,
      1.6405221415503117,
      1.3596158108039798,
      0.6983528081020312,
      1.266801230724338,
      1.5513292634878721,
      1.5469938821464604,
      1.4560776435237215,
      0.8594936521160881
    ]
  },
  "metadata": {
    "accel_limits": [
      0.6,
      1.2,
      1.2,
      1.2,
      0.6,
      1.2,
      1.2,
      1.2,
      1.2,
      0.6,
      1.2,
      1.2,
      1.2,
      1.2,
      0.6,
      1.2,
      1.2,
      1.2,
      1.2,
      0.6
    ],
    "speed_limits": [
      0.7,
      0.7,
      0.7,
      0.7,
      0.7,
      0.7,
      0.7,
      0.7,
      0.7,
      0.7,
      0.7,
      0.7,
      0.7,
      0.7,
      0.7,
      0.7,
      0.7,
      0.7,
      0.7,
      0.7
    ],
    "gamma": [
      1.0,
      1.0,
      1.0,
      1.0,
      1.0,
      1.0,
      1.0,
      1.0,
      1.0,
      1.0,
      1.0,
      1.0,
      1.0,
      1.0,
      1.0,
      1.0,
      1.0,
      1.0,
      1.0,
      1.0
    ],
    "radii": [
      0.28,
      0.16,
      0.16,
      0.16,
      0.28,
      0.16,
      0.16,
      0.16,
      0.16,
      0.28,
      0.16,
      0.16,
      0.16,
      0.16,
      0.28,
      0.16,
      0.16,
      0.16,
      0.16,
      0.28
    ],
    "safety_buffer": 0.0
  }
}