{
  "name": "lane_swap_20",
  "controller": "heterogeneous_barrier",
  "summary": {
    "min_clearance": -0.0010481240414390025,
    "min_pair_distance": 0.39007741420723213,
    "min_cbf": -0.018584009020054557,
    "collision": true,
    "all_goals_reached": false,
    "mean_qp_ms": 1.9220755815790893,
    "p95_qp_ms": 3.7883002498347196,
    "max_qp_ms": 3.7883002498347196,
    "completion_step": null,
    "termination_reason": "collision",
    "mean_goal_error": 4.632326912768788,
    "mean_control_deviation": 0.5204992117417092,
    "per_agent_control_deviation": [
      0.20792773947322196,
      0.5882012626321981,
      0.6740896955584205,
      0.6316644702633093,
      0.3962441888155254,
      0.39910811630705795,
      0.6857219631546922,
      0.7220435615651233,
      0.6383699569071652,
      0.22156650069512981,
      0.4532000790674898,
      0.5550879898460502,
      0.6441173106998149,
      0.5873863896819906,
      0.28387646054804294,
      0.3362998576514955,
      0.7277495548979152,
      0.7465930783151289,
      0.6648002857836868,
      0.2459357729707258
    ],
    "collision_after_clamping": false
  },
  "metadata": {
    "accel_limits": [
      0.6,
      1.2,
      1.2,
      1.2,
      0.6,
      1.2,
      1.2,
      1.2,
      1.2,
      0.6,
      1.2,
      1.2,
      1.2,
      1.2,
      0.6,
      1.2,
      1.2,
      1.2,
      1.2,
      0.6
    ],
    "speed_limits": [
      0.7,
      0.7,
      0.7,
      0.7,
      0.7,
      0.7,
      0.7,
      0.7,
      0.7,
      0.7,
      0.7,
      0.7,
      0.7,
      0.7,
      0.7,
      0.7,
      0.7,
      0.7,
      0.7,
      0.7
    ],
    "gamma": [
      1.0,
      1.0,
      1.0,
      1.0,
      1.0,
      1.0,
      1.0,
      1.0,
      1.0,
      1.0,
      1.0,
      1.0,
      1.0,
      1.0,
      1.0,
      1.0,
      1.0,
      1.0,
      1.0,
      1.0
    ],
    "radii": [
      0.28,
      0.16,
      0.16,
      0.16,
      0.28,
      0.16,
      0.16,
      0.16,
      0.16,
      0.28,
      0.16,
      0.16,
      0.16,
      0.16,
      0.28,
      0.16,
      0.16,
      0.16,
      0.16,
      0.28
    ],
    "safety_buffer": 0.0,
    "active_neighbor_counts": null,
    "qp_fallback_history": null,
    "qp_infeasible_history": null,
    "first_infeasible_event": null
  }
}