{
  "name": "lane_swap_15",
  "controller": "heterogeneous_barrier",
  "summary": {
    "min_clearance": -3.305038696332918e-06,
    "min_pair_distance": 0.3937399093292886,
    "min_cbf": 0.000810847356098425,
    "collision": true,
    "all_goals_reached": false,
    "mean_qp_ms": 1.1138293259406324,
    "p95_qp_ms": 1.759009133335591,
    "max_qp_ms": 2.344116600094518,
    "completion_step": null,
    "termination_reason": "collision",
    "mean_goal_error": 4.244102753067985,
    "mean_control_deviation": 0.49262523533205826,
    "per_agent_control_deviation": [
      0.3624257308914122,
      0.6892901423801873,
      0.7439014342192884,
      0.29679630864154405,
      0.25966982391403337,
      0.617339794536749,
      0.6840984169073343,
      0.5367028151745865,
      0.3342880214332662,
      0.3729199011333115,
      0.846556044276415,
      0.1357019652145839,
      0.5726304851029625,
      0.7790673779601602,
      0.15799026819503967
    ],
    "collision_after_clamping": false
  },
  "metadata": {
    "accel_limits": [
      0.6,
      1.2,
      1.2,
      1.2,
      0.6,
      1.2,
      1.2,
      1.2,
      1.2,
      0.6,
      1.2,
      1.2,
      1.2,
      1.2,
      0.6
    ],
    "speed_limits": [
      0.7,
      0.7,
      0.7,
      0.7,
      0.7,
      0.7,
      0.7,
      0.7,
      0.7,
      0.7,
      0.7,
      0.7,
      0.7,
      0.7,
      0.7
    ],
    "gamma": [
      1.0,
      1.0,
      1.0,
      1.0,
      1.0,
      1.0,
      1.0,
      1.0,
      1.0,
      1.0,
      1.0,
      1.0,
      1.0,
      1.0,
      1.0
    ],
    "radii": [
      0.28,
      0.16,
      0.16,
      0.16,
      0.28,
      0.16,
      0.16,
      0.16,
      0.16,
      0.28,
      0.16,
      0.16,
      0.16,
      0.16,
      0.28
    ],
    "safety_buffer": 0.0,
    "active_neighbor_counts": null,
    "qp_fallback_history": null,
    "qp_infeasible_history": null,
    "first_infeasible_event": null
  }
}