{
  "name": "lane_swap_15",
  "controller": "heterogeneous_barrier",
  "summary": {
    "min_clearance": 2.1865736561321736e-05,
    "min_pair_distance": 0.32002186573656133,
    "min_cbf": -0.05757464154694191,
    "collision": false,
    "all_goals_reached": true,
    "mean_qp_ms": 1.2839311409994176,
    "p95_qp_ms": 3.320977533197341,
    "max_qp_ms": 18.58376926660033,
    "completion_step": 574.0,
    "termination_reason": "all_goals_reached",
    "mean_goal_error": 0.00601418167746137,
    "mean_control_deviation": 0.3671053803291114,
    "per_agent_control_deviation": [
      0.28461790094670547,
      0.3585184992759383,
      0.34216207707471247,
      0.28075891507504414,
      0.2776317189273887,
      0.35229387533274903,
      0.4185448239220964,
      0.4087726201483502,
      0.4911835432497777,
      0.26240719200976975,
      0.4019060176376532,
      0.31055165911060717,
      0.34129345649389725,
      0.4194613893455551,
      0.5564770163864238
    ]
  },
  "metadata": {
    "accel_limits": [
      0.6,
      1.2,
      1.2,
      1.2,
      0.6,
      1.2,
      1.2,
      1.2,
      1.2,
      0.6,
      1.2,
      1.2,
      1.2,
      1.2,
      0.6
    ],
    "speed_limits": [
      0.7,
      0.7,
      0.7,
      0.7,
      0.7,
      0.7,
      0.7,
      0.7,
      0.7,
      0.7,
      0.7,
      0.7,
      0.7,
      0.7,
      0.7
    ],
    "gamma": [
      1.0,
      1.0,
      1.0,
      1.0,
      1.0,
      1.0,
      1.0,
      1.0,
      1.0,
      1.0,
      1.0,
      1.0,
      1.0,
      1.0,
      1.0
    ],
    "radii": [
      0.28,
      0.16,
      0.16,
      0.16,
      0.28,
      0.16,
      0.16,
      0.16,
      0.16,
      0.28,
      0.16,
      0.16,
      0.16,
      0.16,
      0.28
    ],
    "safety_buffer": 0.0
  }
}