{
  "name": "paper_scalability_15",
  "controller": "centralized_heterogeneous_barrier",
  "summary": {
    "min_clearance": 4.85923026205537e-07,
    "min_pair_distance": 0.3200004859230262,
    "min_cbf": -0.022494323620510483,
    "collision": false,
    "all_goals_reached": true,
    "mean_qp_ms": 2.031699034856776,
    "p95_qp_ms": 5.926899333038212,
    "max_qp_ms": 30.652529800136108,
    "completion_step": 457.0,
    "termination_reason": "all_goals_reached",
    "mean_goal_error": 0.0036753868412706865,
    "mean_control_deviation": 0.4567734855509357,
    "per_agent_control_deviation": [
      0.4521630607995298,
      0.4835540142431649,
      0.5150611922057993,
      0.4461578113396277,
      0.4241727242944805,
      0.3881013065738548,
      0.5603593980961032,
      0.44973400162171423,
      0.6521051157642559,
      0.5826122909843153,
      0.5420398603770394,
      0.5278714907636706,
      0.39587774464812886,
      0.21397110962290802,
      0.21782116192944007
    ],
    "deadlock_count": 0,
    "deadlock_agents": [],
    "first_deadlock_step": null,
    "collision_after_clamping": false,
    "infeasibility_before_collision": false
  },
  "metadata": {
    "accel_limits": [
      0.6,
      1.2,
      1.2,
      1.2,
      1.2,
      1.2,
      1.2,
      1.2,
      1.2,
      1.2,
      1.2,
      1.2,
      1.2,
      1.2,
      0.6
    ],
    "speed_limits": [
      0.6,
      0.6,
      0.6,
      0.6,
      0.6,
      0.6,
      0.6,
      0.6,
      0.6,
      0.6,
      0.6,
      0.6,
      0.6,
      0.6,
      0.6
    ],
    "gamma": [
      3.0,
      2.7142857142857144,
      2.428571428571429,
      2.142857142857143,
      1.8571428571428572,
      1.5714285714285716,
      1.2857142857142858,
      1.0,
      1.2857142857142856,
      1.5714285714285712,
      1.8571428571428568,
      2.142857142857143,
      2.4285714285714284,
      2.714285714285714,
      3.0
    ],
    "radii": [
      0.28,
      0.16,
      0.16,
      0.16,
      0.16,
      0.16,
      0.16,
      0.16,
      0.16,
      0.16,
      0.16,
      0.16,
      0.16,
      0.16,
      0.28
    ],
    "safety_buffer": 0.0,
    "pair_indices": [
      [
        0,
        1
      ],
      [
        0,
        2
      ],
      [
        0,
        3
      ],
      [
        0,
        4
      ],
      [
        0,
        5
      ],
      [
        0,
        6
      ],
      [
        0,
        7
      ],
      [
        0,
        8
      ],
      [
        0,
        9
      ],
      [
        0,
        10
      ],
      [
        0,
        11
      ],
      [
        0,
        12
      ],
      [
        0,
        13
      ],
      [
        0,
        14
      ],
      [
        1,
        2
      ],
      [
        1,
        3
      ],
      [
        1,
        4
      ],
      [
        1,
        5
      ],
      [
        1,
        6
      ],
      [
        1,
        7
      ],
      [
        1,
        8
      ],
      [
        1,
        9
      ],
      [
        1,
        10
      ],
      [
        1,
        11
      ],
      [
        1,
        12
      ],
      [
        1,
        13
      ],
      [
        1,
        14
      ],
      [
        2,
        3
      ],
      [
        2,
        4
      ],
      [
        2,
        5
      ],
      [
        2,
        6
      ],
      [
        2,
        7
      ],
      [
        2,
        8
      ],
      [
        2,
        9
      ],
      [
        2,
        10
      ],
      [
        2,
        11
      ],
      [
        2,
        12
      ],
      [
        2,
        13
      ],
      [
        2,
        14
      ],
      [
        3,
        4
      ],
      [
        3,
        5
      ],
      [
        3,
        6
      ],
      [
        3,
        7
      ],
      [
        3,
        8
      ],
      [
        3,
        9
      ],
      [
        3,
        10
      ],
      [
        3,
        11
      ],
      [
        3,
        12
      ],
      [
        3,
        13
      ],
      [
        3,
        14
      ],
      [
        4,
        5
      ],
      [
        4,
        6
      ],
      [
        4,
        7
      ],
      [
        4,
        8
      ],
      [
        4,
        9
      ],
      [
        4,
        10
      ],
      [
        4,
        11
      ],
      [
        4,
        12
      ],
      [
        4,
        13
      ],
      [
        4,
        14
      ],
      [
        5,
        6
      ],
      [
        5,
        7
      ],
      [
        5,
        8
      ],
      [
        5,
        9
      ],
      [
        5,
        10
      ],
      [
        5,
        11
      ],
      [
        5,
        12
      ],
      [
        5,
        13
      ],
      [
        5,
        14
      ],
      [
        6,
        7
      ],
      [
        6,
        8
      ],
      [
        6,
        9
      ],
      [
        6,
        10
      ],
      [
        6,
        11
      ],
      [
        6,
        12
      ],
      [
        6,
        13
      ],
      [
        6,
        14
      ],
      [
        7,
        8
      ],
      [
        7,
        9
      ],
      [
        7,
        10
      ],
      [
        7,
        11
      ],
      [
        7,
        12
      ],
      [
        7,
        13
      ],
      [
        7,
        14
      ],
      [
        8,
        9
      ],
      [
        8,
        10
      ],
      [
        8,
        11
      ],
      [
        8,
        12
      ],
      [
        8,
        13
      ],
      [
        8,
        14
      ],
      [
        9,
        10
      ],
      [
        9,
        11
      ],
      [
        9,
        12
      ],
      [
        9,
        13
      ],
      [
        9,
        14
      ],
      [
        10,
        11
      ],
      [
        10,
        12
      ],
      [
        10,
        13
      ],
      [
        10,
        14
      ],
      [
        11,
        12
      ],
      [
        11,
        13
      ],
      [
        11,
        14
      ],
      [
        12,
        13
      ],
      [
        12,
        14
      ],
      [
        13,
        14
      ]
    ],
    "pairwise_min_cbf": {
      "0-1": 0.0017833667699766911,
      "0-2": 0.3971830105895646,
      "0-3": 0.5134130425924447,
      "0-4": 1.1966964454486626,
      "0-5": 1.4286901050810972,
      "0-6": 1.1721007725373043,
      "0-7": 1.4146328069306626,
      "0-8": 1.3772457317814364,
      "0-9": 1.1844703620322008,
      "0-10": 1.2778508686104062,
      "0-11": 0.9320825278349707,
      "0-12": 0.7365622509979719,
      "0-13": 0.32729457324080946,
      "0-14": 0.18016821646437087,
      "1-2": -0.011479220310001544,
      "1-3": 0.3630309264249586,
      "1-4": 0.9849469894702769,
      "1-5": 1.495352707627643,
      "1-6": 1.1574557756020107,
      "1-7": 1.6497728842615325,
      "1-8": 1.7328139491352244,
      "1-9": 1.2713590661458105,
      "1-10": 1.429083583471747,
      "1-11": 0.9749043352144801,
      "1-12": 1.1041571349521844,
      "1-13": 0.3258707557879183,
      "1-14": 0.7213884849667571,
      "2-3": 0.23795658901883188,
      "2-4": 0.30424333968735423,
      "2-5": 1.0967495270622474,
      "2-6": 0.35105248658260146,
      "2-7": 1.1838738977626846,
      "2-8": 1.4531084066306907,
      "2-9": 0.9106565530308389,
      "2-10": 1.0670411801200808,
      "2-11": 0.34070898527508925,
      "2-12": 0.9325537944847582,
      "2-13": 0.06500625138258113,
      "2-14": 0.5062992201529872,
      "3-4": -0.014647800864559368,
      "3-5": 1.0948550074210064,
      "3-6": 0.4461151095387468,
      "3-7": 1.6035476184922859,
      "3-8": 1.8589711418333983,
      "3-9": 1.3805272308832617,
      "3-10": 1.5211268438491823,
      "3-11": 1.051478103474763,
      "3-12": 1.3106181650010655,
      "3-13": 0.9286113676498753,
      "3-14": 1.3370029991238344,
      "4-5": 0.16617368887689868,