{
  "name": "paper_scalability_15",
  "controller": "nominal",
  "summary": {
    "min_clearance": -0.021013812794167974,
    "min_pair_distance": 0.29898618720583203,
    "min_cbf": -0.5592624448515194,
    "collision": true,
    "all_goals_reached": false,
    "mean_qp_ms": 0.0,
    "p95_qp_ms": 0.0,
    "max_qp_ms": 0.0,
    "completion_step": null,
    "termination_reason": "collision",
    "mean_goal_error": 7.47422970152473,
    "mean_control_deviation": 0.0,
    "per_agent_control_deviation": [
      0.0,
      0.0,
      0.0,
      0.0,
      0.0,
      0.0,
      0.0,
      0.0,
      0.0,
      0.0,
      0.0,
      0.0,
      0.0,
      0.0,
      0.0
    ],
    "deadlock_count": 0,
    "deadlock_agents": [],
    "first_deadlock_step": null,
    "collision_after_clamping": false,
    "infeasibility_before_collision": false,
    "collision_step": 46,
    "collision_pair": [
      7,
      8
    ],
    "collision_pair_h_ij": -0.5592624448515194,
    "collision_pair_h_margin": -0.38174471646707575
  },
  "metadata": {
    "accel_limits": [
      0.6,
      1.2,
      1.2,
      1.2,
      1.2,
      1.2,
      1.2,
      1.2,
      1.2,
      1.2,
      1.2,
      1.2,
      1.2,
      1.2,
      0.6
    ],
    "speed_limits": [
      0.6,
      0.6,
      0.6,
      0.6,
      0.6,
      0.6,
      0.6,
      0.6,
      0.6,
      0.6,
      0.6,
      0.6,
      0.6,
      0.6,
      0.6
    ],
    "gamma": [
      3.0,
      2.7142857142857144,
      2.428571428571429,
      2.142857142857143,
      1.8571428571428572,
      1.5714285714285716,
      1.2857142857142858,
      1.0,
      1.2857142857142856,
      1.5714285714285712,
      1.8571428571428568,
      2.142857142857143,
      2.4285714285714284,
      2.714285714285714,
      3.0
    ],
    "radii": [
      0.28,
      0.16,
      0.16,
      0.16,
      0.16,
      0.16,
      0.16,
      0.16,
      0.16,
      0.16,
      0.16,
      0.16,
      0.16,
      0.16,
      0.28
    ],
    "safety_buffer": 0.0,
    "pair_indices": [
      [
        0,
        1
      ],
      [
        0,
        2
      ],
      [
        0,
        3
      ],
      [
        0,
        4
      ],
      [
        0,
        5
      ],
      [
        0,
        6
      ],
      [
        0,
        7
      ],
      [
        0,
        8
      ],
      [
        0,
        9
      ],
      [
        0,
        10
      ],
      [
        0,
        11
      ],
      [
        0,
        12
      ],
      [
        0,
        13
      ],
      [
        0,
        14
      ],
      [
        1,
        2
      ],
      [
        1,
        3
      ],
      [
        1,
        4
      ],
      [
        1,
        5
      ],
      [
        1,
        6
      ],
      [
        1,
        7
      ],
      [
        1,
        8
      ],
      [
        1,
        9
      ],
      [
        1,
        10
      ],
      [
        1,
        11
      ],
      [
        1,
        12
      ],
      [
        1,
        13
      ],
      [
        1,
        14
      ],
      [
        2,
        3
      ],
      [
        2,
        4
      ],
      [
        2,
        5
      ],
      [
        2,
        6
      ],
      [
        2,
        7
      ],
      [
        2,
        8
      ],
      [
        2,
        9
      ],
      [
        2,
        10
      ],
      [
        2,
        11
      ],
      [
        2,
        12
      ],
      [
        2,
        13
      ],
      [
        2,
        14
      ],
      [
        3,
        4
      ],
      [
        3,
        5
      ],
      [
        3,
        6
      ],
      [
        3,
        7
      ],
      [
        3,
        8
      ],
      [
        3,
        9
      ],
      [
        3,
        10
      ],
      [
        3,
        11
      ],
      [
        3,
        12
      ],
      [
        3,
        13
      ],
      [
        3,
        14
      ],
      [
        4,
        5
      ],
      [
        4,
        6
      ],
      [
        4,
        7
      ],
      [
        4,
        8
      ],
      [
        4,
        9
      ],
      [
        4,
        10
      ],
      [
        4,
        11
      ],
      [
        4,
        12
      ],
      [
        4,
        13
      ],
      [
        4,
        14
      ],
      [
        5,
        6
      ],
      [
        5,
        7
      ],
      [
        5,
        8
      ],
      [
        5,
        9
      ],
      [
        5,
        10
      ],
      [
        5,
        11
      ],
      [
        5,
        12
      ],
      [
        5,
        13
      ],
      [
        5,
        14
      ],
      [
        6,
        7
      ],
      [
        6,
        8
      ],
      [
        6,
        9
      ],
      [
        6,
        10
      ],
      [
        6,
        11
      ],
      [
        6,
        12
      ],
      [
        6,
        13
      ],
      [
        6,
        14
      ],
      [
        7,
        8
      ],
      [
        7,
        9
      ],
      [
        7,
        10
      ],
      [
        7,
        11
      ],
      [
        7,
        12
      ],
      [
        7,
        13
      ],
      [
        7,
        14
      ],
      [
        8,
        9
      ],
      [
        8,
        10
      ],
      [
        8,
        11
      ],
      [
        8,
        12
      ],
      [
        8,
        13
      ],
      [
        8,
        14
      ],
      [
        9,
        10
      ],
      [
        9,
        11
      ],
      [
        9,
        12
      ],
      [
        9,
        13
      ],
      [
        9,
        14
      ],
      [
        10,
        11
      ],
      [
        10,
        12
      ],
      [
        10,
        13
      ],
      [
        10,
        14
      ],
      [
        11,
        12
      ],
      [
        11,
        13
      ],
      [
        11,
        14
      ],
      [
        12,
        13
      ],
      [
        12,
        14
      ],
      [
        13,
        14
      ]
    ],
    "pairwise_min_cbf": {
      "0-1": 0.8084923229177037,
      "0-2": 2.3532282837399867,
      "0-3": 3.261489896714506,
      "0-4": 2.9035492609304807,
      "0-5": 3.1057076044764536,
      "0-6": 3.403802144850471,
      "0-7": 3.519685756616495,
      "0-8": 3.5196857566164956,
      "0-9": 3.4038021448504714,
      "0-10": 3.1057076044764544,
      "0-11": 2.90354926093048,
      "0-12": 3.2614898967145054,
      "0-13": 2.3532282837399885,
      "0-14": 0.5150869764394681,
      "1-2": 2.6653329998332285,
      "1-3": 3.9020041827444096,
      "1-4": 3.5593385338704087,
      "1-5": 3.84224631779998,
      "1-6": 4.245575765203117,
      "1-7": 4.395498695207717,
      "1-8": 4.323776299280403,
      "1-9": 4.186256443849121,
      "1-10": 3.881046415448589,
      "1-11": 3.6217718357564532,
      "1-12": 3.928483742632283,
      "1-13": 3.0071925840157485,
      "1-14": 1.3620311763465858,
      "2-3": 2.6471671767330687,
      "2-4": 2.4131600428967985,
      "2-5": 2.946254635348711,
      "2-6": 3.7172816987342086,
      "2-7": 4.116988738471643,
      "2-8": 3.946377505153742,
      "2-9": 4.055725398899347,
      "2-10": 4.099946796306208,
      "2-11": 3.994002116024129,
      "2-12": 4.272203994406629,
      "2-13": 3.701131653558636,
      "2-14": 2.486660794970696,
      "3-4": 0.36155455700824646,
      "3-5": 1.7916031482579242,
      "3-6": 3.1099979251524275,
      "3-7": 3.798177538945364,
      "3-8": 3.542571273911043,
      "3-9": 3.9234098935796964,
      "3-10": 4.302081626535701,
      "3-11": 4.328054507043132,
      "3-12": 4.5435353486507815,
      "3-13": 4.27220399440663,
      "3-14": 3.2991430449852306,
      "4-5": 1.8106207354227473,
      "4-6": 3.236320217671444,
      "4-7": 3.9083531491961487,
      "4-8": 3.6208011883695237,
      "4-9": 3.9245319092269657,
      "4-10": 4.223957697365361,