{
  "name": "sensitivity_ds_0.05_gamma_2.00",
  "controller": "heterogeneous_barrier",
  "summary": {
    "min_clearance": 1.5630018924350786e-05,
    "min_pair_distance": 0.45003277062860864,
    "min_cbf": 0.006067550522323094,
    "collision": false,
    "all_goals_reached": true,
    "mean_qp_ms": 0.933679161634232,
    "p95_qp_ms": 1.6079996663999434,
    "max_qp_ms": 6.058732000383316,
    "completion_step": 230.0,
    "termination_reason": "all_goals_reached",
    "mean_goal_error": 0.01829829860537324,
    "mean_control_deviation": 0.4762235811965703,
    "per_agent_control_deviation": [
      0.4101438552446574,
      0.5129064182934675,
      0.5129059468615843,
      0.5544298069926332,
      0.3494233134507968,
      0.5175321463362831
    ],
    "deadlock_count": 0,
    "deadlock_agents": [],
    "first_deadlock_step": null,
    "collision_after_clamping": false,
    "infeasibility_before_collision": false
  },
  "metadata": {
    "accel_limits": [
      0.6,
      1.2,
      1.2,
      1.2,
      1.2,
      1.2
    ],
    "speed_limits": [
      0.6,
      0.6,
      0.6,
      0.6,
      0.6,
      0.6
    ],
    "gamma": [
      2.0,
      2.0,
      2.0,
      2.0,
      2.0,
      2.0
    ],
    "radii": [
      0.4,
      0.2,
      0.2,
      0.2,
      0.2,
      0.2
    ],
    "safety_buffer": 0.05,
    "pair_indices": [
      [
        0,
        1
      ],
      [
        0,
        2
      ],
      [
        0,
        3
      ],
      [
        0,
        4
      ],
      [
        0,
        5
      ],
      [
        1,
        2
      ],
      [
        1,
        3
      ],
      [
        1,
        4
      ],
      [
        1,
        5
      ],
      [
        2,
        3
      ],
      [
        2,
        4
      ],
      [
        2,
        5
      ],
      [
        3,
        4
      ],
      [
        3,
        5
      ],
      [
        4,
        5
      ]
    ],
    "pairwise_min_cbf": {
      "0-1": 0.006067550522323094,
      "0-2": 1.1521043026829145,
      "0-3": 0.3315901544356837,
      "0-4": 0.8778248950570045,
      "0-5": 1.2915478518171524,
      "1-2": 0.2819439419957807,
      "1-3": 0.3146743013924256,
      "1-4": 0.31844434455515513,
      "1-5": 1.0345255558324977,
      "2-3": 1.0660625000657702,
      "2-4": 0.320661840420258,
      "2-5": 0.3711683755394847,
      "3-4": 0.17847284890839576,
      "3-5": 1.4038098346832975,
      "4-5": 0.010044318898132822
    },
    "pairwise_min_cbf_step": {
      "0-1": 122,
      "0-2": 17,
      "0-3": 86,
      "0-4": 45,
      "0-5": 43,
      "1-2": 91,
      "1-3": 102,
      "1-4": 92,
      "1-5": 48,
      "2-3": 53,
      "2-4": 99,
      "2-5": 78,
      "3-4": 101,
      "3-5": 105,
      "4-5": 99
    },
    "pairwise_min_clearance": {
      "0-1": 1.5630018924350786e-05,
      "0-2": 0.41947764177488867,
      "0-3": 0.03277294589811419,
      "0-4": 0.384475436302653,
      "0-5": 0.8050616539256457,
      "1-2": 0.016823241730579586,
      "1-3": 0.021644105973383843,
      "1-4": 0.021762512555680735,
      "1-5": 0.3674856829168754,
      "2-3": 0.31577191887360484,
      "2-4": 0.02162411711364487,
      "2-5": 0.03204725940175679,
      "3-4": 0.010269544411334652,
      "3-5": 0.43379469431860834,
      "4-5": 3.2770628608624897e-05
    },
    "pairwise_min_clearance_step": {
      "0-1": 122,
      "0-2": 128,
      "0-3": 87,
      "0-4": 85,
      "0-5": 83,
      "1-2": 92,
      "1-3": 103,
      "1-4": 93,
      "1-5": 81,
      "2-3": 110,
      "2-4": 100,
      "2-5": 80,
      "3-4": 103,
      "3-5": 110,
      "4-5": 99
    },
    "active_neighbor_counts": null,
    "qp_fallback_history": null,
    "qp_infeasible_history": null,
    "first_infeasible_event": null,
    "collision_event": null,
    "deadlock": {
      "deadlock_count": 0,
      "deadlock_agents": [],
      "first_deadlock_step": null,
      "deadlock_start_steps": {},
      "deadlock_window_steps": 20,
      "deadlock_speed_threshold": 0.05,
      "deadlock_displacement_threshold": 0.03
    },
    "stopped_not_at_goal": {
      "stopped_not_at_goal_steps": [
        1,
        51,
        9,
        13,
        40,
        7
      ],
      "stopped_not_at_goal_near_robots_steps": [
        1,
        51,
        0,
        4,
        40,
        7
      ],
      "stopped_not_at_goal_isolated_steps": [
        0,
        0,
        9,
        9,
        0,
        0
      ],
      "stopped_not_at_goal_control_thresholds": [
        0.06,
        0.12,
        0.12,
        0.12,
        0.12,
        0.12
      ],
      "stopped_not_at_goal_near_clearance_threshold": 0.15
    }
  }
}