{
  "name": "sensitivity_ds_0.05_gamma_2.00",
  "controller": "heterogeneous_barrier",
  "summary": {
    "min_clearance": 0.0021385505978318564,
    "min_pair_distance": 0.45213855059783187,
    "min_cbf": 0.094340058830476,
    "collision": false,
    "all_goals_reached": true,
    "mean_qp_ms": 0.6310543715538897,
    "p95_qp_ms": 0.8439733331518559,
    "max_qp_ms": 2.2997671664294708,
    "completion_step": 314.0,
    "termination_reason": "all_goals_reached",
    "mean_goal_error": 0.006604035750460368,
    "mean_control_deviation": 0.45217565479018657,
    "per_agent_control_deviation": [
      0.39556724298199336,
      0.3990791524087918,
      0.5060464768510614,
      0.5254593037694351,
      0.37889826396763365,
      0.5080034887622045
    ]
  },
  "metadata": {
    "accel_limits": [
      0.6,
      1.2,
      1.2,
      1.2,
      1.2,
      1.2
    ],
    "speed_limits": [
      0.6,
      0.6,
      0.6,
      0.6,
      0.6,
      0.6
    ],
    "gamma": [
      2.0,
      2.0,
      2.0,
      2.0,
      2.0,
      2.0
    ],
    "radii": [
      0.4,
      0.2,
      0.2,
      0.2,
      0.2,
      0.2
    ],
    "safety_buffer": 0.05
  }
}