{
  "name": "lane_swap_10",
  "controller": "heterogeneous_barrier",
  "summary": {
    "min_clearance": 2.829136518905928e-05,
    "min_pair_distance": 0.32221010421026125,
    "min_cbf": -0.00021055619019804545,
    "collision": false,
    "all_goals_reached": true,
    "mean_qp_ms": 0.978280097006426,
    "p95_qp_ms": 2.0140774999163114,
    "max_qp_ms": 18.120980199819314,
    "completion_step": 301.0,
    "termination_reason": "all_goals_reached",
    "mean_goal_error": 0.017374023685789462,
    "mean_control_deviation": 0.48614671989021313,
    "per_agent_control_deviation": [
      0.49304664189807396,
      0.5614074735786528,
      0.4757387821871402,
      0.6221867232859427,
      0.2783540031428023,
      0.27835400314320513,
      0.6221867122288545,
      0.4757387686233045,
      0.5614074717210242,
      0.4930466190931302
    ]
  },
  "metadata": {
    "accel_limits": [
      0.6,
      1.2,
      1.2,
      1.2,
      1.2,
      1.2,
      1.2,
      1.2,
      1.2,
      0.6
    ],
    "speed_limits": [
      0.7,
      0.7,
      0.7,
      0.7,
      0.7,
      0.7,
      0.7,
      0.7,
      0.7,
      0.7
    ],
    "gamma": [
      1.0,
      1.0,
      1.0,
      1.0,
      1.0,
      1.0,
      1.0,
      1.0,
      1.0,
      1.0
    ],
    "radii": [
      0.28,
      0.16,
      0.16,
      0.16,
      0.16,
      0.16,
      0.16,
      0.16,
      0.16,
      0.28
    ],
    "safety_buffer": 0.0
  }
}