{
  "name": "lane_swap_6",
  "controller": "centralized_heterogeneous_barrier",
  "summary": {
    "min_clearance": 1.5352316711680913e-05,
    "min_pair_distance": 0.4000153523167117,
    "min_cbf": 0.009358166465524754,
    "collision": false,
    "all_goals_reached": true,
    "mean_qp_ms": 0.6949879016100088,
    "p95_qp_ms": 1.0352160000669148,
    "max_qp_ms": 2.0665153327475614,
    "completion_step": 227.0,
    "termination_reason": "all_goals_reached",
    "mean_goal_error": 0.018942751176910067,
    "mean_control_deviation": 0.48094019746346184,
    "per_agent_control_deviation": [
      0.40734182890066273,
      0.5205090261100619,
      0.5160957212605513,
      0.5629053825990105,
      0.3554258839964348,
      0.5233633419140503
    ],
    "deadlock_count": 0,
    "deadlock_agents": [],
    "first_deadlock_step": null,
    "collision_after_clamping": false,
    "infeasibility_before_collision": false
  },
  "metadata": {
    "accel_limits": [
      0.6,
      1.2,
      1.2,
      1.2,
      1.2,
      1.2
    ],
    "speed_limits": [
      0.6,
      0.6,
      0.6,
      0.6,
      0.6,
      0.6
    ],
    "gamma": [
      1.0,
      1.0,
      1.0,
      1.0,
      1.0,
      1.0
    ],
    "radii": [
      0.4,
      0.2,
      0.2,
      0.2,
      0.2,
      0.2
    ],
    "safety_buffer": 0.0,
    "pair_indices": [
      [
        0,
        1
      ],
      [
        0,
        2
      ],
      [
        0,
        3
      ],
      [
        0,
        4
      ],
      [
        0,
        5
      ],
      [
        1,
        2
      ],
      [
        1,
        3
      ],
      [
        1,
        4
      ],
      [
        1,
        5
      ],
      [
        2,
        3
      ],
      [
        2,
        4
      ],
      [
        2,
        5
      ],
      [
        3,
        4
      ],
      [
        3,
        5
      ],
      [
        4,
        5
      ]
    ],
    "pairwise_min_cbf": {
      "0-1": 0.010643650237676591,
      "0-2": 1.1612435114876778,
      "0-3": 0.4461069810517199,
      "0-4": 1.004878940397375,
      "0-5": 1.3446636272538903,
      "1-2": 0.3869626065937242,
      "1-3": 0.4392755569119612,
      "1-4": 0.43258037511671266,
      "1-5": 1.129193196276952,
      "2-3": 1.1321897136364891,
      "2-4": 0.4333559713610085,
      "2-5": 0.49241239351418764,
      "3-4": 0.36759212009068337,
      "3-5": 1.340828717476081,
      "4-5": 0.009358166465524754
    },
    "pairwise_min_cbf_step": {
      "0-1": 129,
      "0-2": 112,
      "0-3": 85,
      "0-4": 43,
      "0-5": 43,
      "1-2": 90,
      "1-3": 94,
      "1-4": 91,
      "1-5": 49,
      "2-3": 54,
      "2-4": 98,
      "2-5": 78,
      "3-4": 98,
      "3-5": 99,
      "4-5": 106
    },
    "pairwise_min_clearance": {
      "0-1": 4.045747238212716e-05,
      "0-2": 0.39913977151403846,
      "0-3": 0.0628784732301928,
      "0-4": 0.3815637823903373,
      "0-5": 0.7689020924178389,
      "1-2": 0.03192861885050424,
      "1-3": 0.04099473415047866,
      "1-4": 0.04076076389480904,
      "1-5": 0.36335979929797935,
      "2-3": 0.31291085678352604,
      "2-4": 0.03971366334245108,
      "2-5": 0.05897562166443304,
      "3-4": 0.02873990245374669,
      "3-5": 0.4055819258602341,
      "4-5": 1.5352316711680913e-05
    },
    "pairwise_min_clearance_step": {
      "0-1": 129,
      "0-2": 124,
      "0-3": 87,
      "0-4": 86,
      "0-5": 85,
      "1-2": 92,
      "1-3": 97,
      "1-4": 92,
      "1-5": 84,
      "2-3": 107,
      "2-4": 100,
      "2-5": 81,
      "3-4": 99,
      "3-5": 106,
      "4-5": 106
    },
    "active_neighbor_counts": null,
    "qp_fallback_history": null,
    "qp_infeasible_history": null,
    "first_infeasible_event": null,
    "collision_event": null,
    "deadlock": {
      "deadlock_count": 0,
      "deadlock_agents": [],
      "first_deadlock_step": null,
      "deadlock_start_steps": {},
      "deadlock_window_steps": 20,
      "deadlock_speed_threshold": 0.05,
      "deadlock_displacement_threshold": 0.03
    },
    "stopped_not_at_goal": {
      "stopped_not_at_goal_steps": [
        0,
        40,
        9,
        12,
        37,
        9
      ],
      "stopped_not_at_goal_near_robots_steps": [
        0,
        39,
        0,
        3,
        37,
        9
      ],
      "stopped_not_at_goal_isolated_steps": [
        0,
        1,
        9,
        9,
        0,
        0
      ],
      "stopped_not_at_goal_control_thresholds": [
        0.06,
        0.12,
        0.12,
        0.12,
        0.12,
        0.12
      ],
      "stopped_not_at_goal_near_clearance_threshold": 0.15
    }
  }
}