{
  "name": "lane_swap_6",
  "controller": "nominal",
  "summary": {
    "min_clearance": -0.0025596395503413305,
    "min_pair_distance": 0.5260896629358797,
    "min_cbf": -0.33785941627288174,
    "collision": true,
    "all_goals_reached": false,
    "mean_qp_ms": 0.0,
    "p95_qp_ms": 0.0,
    "max_qp_ms": 0.0,
    "completion_step": null,
    "termination_reason": "collision",
    "mean_goal_error": 3.347770838995149,
    "mean_control_deviation": 0.0,
    "per_agent_control_deviation": [
      0.0,
      0.0,
      0.0,
      0.0,
      0.0,
      0.0
    ],
    "deadlock_count": 0,
    "deadlock_agents": [],
    "first_deadlock_step": null,
    "collision_after_clamping": false,
    "infeasibility_before_collision": false,
    "collision_step": 23,
    "collision_pair": [
      0,
      1
    ],
    "collision_pair_h_ij": -0.33785941627288174,
    "collision_pair_h_margin": -0.11797917097652097
  },
  "metadata": {
    "accel_limits": [
      0.6,
      1.2,
      1.2,
      1.2,
      1.2,
      1.2
    ],
    "speed_limits": [
      0.6,
      0.6,
      0.6,
      0.6,
      0.6,
      0.6
    ],
    "gamma": [
      1.0,
      1.0,
      1.0,
      1.0,
      1.0,
      1.0
    ],
    "radii": [
      0.4,
      0.2,
      0.2,
      0.2,
      0.2,
      0.2
    ],
    "safety_buffer": 0.0,
    "pair_indices": [
      [
        0,
        1
      ],
      [
        0,
        2
      ],
      [
        0,
        3
      ],
      [
        0,
        4
      ],
      [
        0,
        5
      ],
      [
        1,
        2
      ],
      [
        1,
        3
      ],
      [
        1,
        4
      ],
      [
        1,
        5
      ],
      [
        2,
        3
      ],
      [
        2,
        4
      ],
      [
        2,
        5
      ],
      [
        3,
        4
      ],
      [
        3,
        5
      ],
      [
        4,
        5
      ]
    ],
    "pairwise_min_cbf": {
      "0-1": -0.33785941627288174,
      "0-2": 0.5451890169320973,
      "0-3": 1.9227888315775548,
      "0-4": 1.7122880998196652,
      "0-5": 1.8278020176170633,
      "1-2": 0.44928219149137916,
      "1-3": 2.1718065228031156,
      "1-4": 1.9899843259803014,
      "1-5": 2.1718065228031156,
      "2-3": 2.317883695385932,
      "2-4": 2.1718065228031156,
      "2-5": 2.3759842385824586,
      "3-4": 0.44928219149137916,
      "3-5": 1.0261324957327522,
      "4-5": 0.44928219149137916
    },
    "pairwise_min_cbf_step": {
      "0-1": 23,
      "0-2": 23,
      "0-3": 23,
      "0-4": 23,
      "0-5": 23,
      "1-2": 23,
      "1-3": 23,
      "1-4": 23,
      "1-5": 23,
      "2-3": 23,
      "2-4": 23,
      "2-5": 23,
      "3-4": 23,
      "3-5": 23,
      "4-5": 23
    },
    "pairwise_min_clearance": {
      "0-1": -0.0025596395503413305,
      "0-2": 0.4831858185773896,
      "0-3": 2.2237066663394613,
      "0-4": 2.1796333119879785,
      "0-5": 2.4222993491183265,
      "1-2": 0.12608966293587964,
      "1-3": 2.2715059775792406,
      "1-4": 2.119999999999999,
      "1-5": 2.2715059775792406,
      "2-3": 2.5115337956786985,
      "2-4": 2.2715059775792406,
      "2-5": 2.322291212219694,
      "3-4": 0.12608966293587964,
      "3-5": 0.6325500468503386,
      "4-5": 0.12608966293587964
    },
    "pairwise_min_clearance_step": {
      "0-1": 23,
      "0-2": 23,
      "0-3": 23,
      "0-4": 23,
      "0-5": 23,
      "1-2": 23,
      "1-3": 23,
      "1-4": 23,
      "1-5": 23,
      "2-3": 23,
      "2-4": 23,
      "2-5": 23,
      "3-4": 23,
      "3-5": 23,
      "4-5": 23
    },
    "active_neighbor_counts": null,
    "qp_fallback_history": null,
    "qp_infeasible_history": null,
    "first_infeasible_event": null,
    "collision_event": {
      "step": 23,
      "pair": [
        0,
        1
      ],
      "pair_key": "0-1",
      "pair_h_ij_at_event": -0.33785941627288174,
      "pair_clearance_at_event": -0.0025596395503413305,
      "pair_h_margin_to_violation": -0.11797917097652097,
      "pair_clearance_margin_to_violation": 0.014622350366734094,
      "pair_h_ij_window": {
        "steps": [
          18,
          19,
          20,
          21,
          22,
          23
        ],
        "values": [
          0.186447261036496,
          0.1288299141726722,
          0.06359239753637475,
          -0.014130209073585531,
          -0.11797917097652097,
          -0.33785941627288174
        ]
      },
      "pair_clearance_window": {
        "steps": [
          18,
          19,
          20,
          21,
          22,
          23
        ],
        "values": [
          0.08673676656492924,
          0.06825449861937327,
          0.05005782733979469,
          0.03217141538839541,
          0.014622350366734094,
          -0.0025596395503413305
        ]
      }
    },
    "deadlock": {
      "deadlock_count": 0,
      "deadlock_agents": [],
      "first_deadlock_step": null,
      "deadlock_start_steps": {},
      "deadlock_window_steps": 20,
      "deadlock_speed_threshold": 0.05,
      "deadlock_displacement_threshold": 0.03
    },
    "stopped_not_at_goal": {
      "stopped_not_at_goal_steps": [
        0,
        0,
        0,
        0,
        0,
        0
      ],
      "stopped_not_at_goal_near_robots_steps": [
        0,
        0,
        0,
        0,
        0,
        0
      ],
      "stopped_not_at_goal_isolated_steps": [
        0,
        0,
        0,
        0,
        0,
        0
      ],
      "stopped_not_at_goal_control_thresholds": [
        0.06,
        0.12,
        0.12,
        0.12,
        0.12,
        0.12
      ],
      "stopped_not_at_goal_near_clearance_threshold": 0.15
    }
  }
}