{
  "name": "sensitivity_ds_0.00_gamma_0.50",
  "controller": "heterogeneous_barrier",
  "summary": {
    "min_clearance": 0.0009136728195831556,
    "min_pair_distance": 0.4009136728195832,
    "min_cbf": 0.06266173968054399,
    "collision": false,
    "all_goals_reached": true,
    "mean_qp_ms": 0.8130722860175319,
    "p95_qp_ms": 1.3454998334054835,
    "max_qp_ms": 7.326582833532787,
    "completion_step": 229.0,
    "termination_reason": "all_goals_reached",
    "mean_goal_error": 0.01781677002861935,
    "mean_control_deviation": 0.493845655974589,
    "per_agent_control_deviation": [
      0.4097377511024067,
      0.5447512071163217,
      0.5263075367556513,
      0.5779827727225701,
      0.3697417349225846,
      0.5345529332279993
    ],
    "deadlock_count": 0,
    "deadlock_agents": [],
    "first_deadlock_step": null,
    "collision_after_clamping": false,
    "infeasibility_before_collision": false
  },
  "metadata": {
    "accel_limits": [
      0.6,
      1.2,
      1.2,
      1.2,
      1.2,
      1.2
    ],
    "speed_limits": [
      0.6,
      0.6,
      0.6,
      0.6,
      0.6,
      0.6
    ],
    "gamma": [
      0.5,
      0.5,
      0.5,
      0.5,
      0.5,
      0.5
    ],
    "radii": [
      0.4,
      0.2,
      0.2,
      0.2,
      0.2,
      0.2
    ],
    "safety_buffer": 0.0,
    "pair_indices": [
      [
        0,
        1
      ],
      [
        0,
        2
      ],
      [
        0,
        3
      ],
      [
        0,
        4
      ],
      [
        0,
        5
      ],
      [
        1,
        2
      ],
      [
        1,
        3
      ],
      [
        1,
        4
      ],
      [
        1,
        5
      ],
      [
        2,
        3
      ],
      [
        2,
        4
      ],
      [
        2,
        5
      ],
      [
        3,
        4
      ],
      [
        3,
        5
      ],
      [
        4,
        5
      ]
    ],
    "pairwise_min_cbf": {
      "0-1": 0.06266173968054399,
      "0-2": 1.1548349978267463,
      "0-3": 0.5952940397485158,
      "0-4": 1.146082500774182,
      "0-5": 1.5175417955649153,
      "1-2": 0.5150109031367441,
      "1-3": 0.5642767460739322,
      "1-4": 0.5783665523414968,
      "1-5": 1.2992557187155507,
      "2-3": 1.203408076090021,
      "2-4": 0.5727782356063372,
      "2-5": 0.666830866655455,
      "3-4": 0.49449917154217743,
      "3-5": 1.3787919324825761,
      "4-5": 0.06591119926673229
    },
    "pairwise_min_cbf_step": {
      "0-1": 146,
      "0-2": 113,
      "0-3": 82,
      "0-4": 52,
      "0-5": 44,
      "1-2": 89,
      "1-3": 99,
      "1-4": 89,
      "1-5": 51,
      "2-3": 102,
      "2-4": 98,
      "2-5": 74,
      "3-4": 97,
      "3-5": 97,
      "4-5": 116
    },
    "pairwise_min_clearance": {
      "0-1": 0.001093578096011183,
      "0-2": 0.39447865467244314,
      "0-3": 0.12135368915843414,
      "0-4": 0.4453641438806475,
      "0-5": 0.8537605749614889,
      "1-2": 0.0572044405591976,
      "1-3": 0.07029392863863931,
      "1-4": 0.07462376005464966,
      "1-5": 0.4216600003652211,
      "2-3": 0.3509846588878147,
      "2-4": 0.07033863942851465,
      "2-5": 0.11358222958632713,
      "3-4": 0.05244864033072655,
      "3-5": 0.4320659651124218,
      "4-5": 0.0009136728195831556
    },
    "pairwise_min_clearance_step": {
      "0-1": 147,
      "0-2": 126,
      "0-3": 86,
      "0-4": 86,
      "0-5": 86,
      "1-2": 91,
      "1-3": 100,
      "1-4": 92,
      "1-5": 87,
      "2-3": 106,
      "2-4": 100,
      "2-5": 81,
      "3-4": 97,
      "3-5": 106,
      "4-5": 117
    },
    "active_neighbor_counts": null,
    "qp_fallback_history": null,
    "qp_infeasible_history": null,
    "first_infeasible_event": null,
    "collision_event": null,
    "deadlock": {
      "deadlock_count": 0,
      "deadlock_agents": [],
      "first_deadlock_step": null,
      "deadlock_start_steps": {},
      "deadlock_window_steps": 20,
      "deadlock_speed_threshold": 0.05,
      "deadlock_displacement_threshold": 0.03
    },
    "stopped_not_at_goal": {
      "stopped_not_at_goal_steps": [
        0,
        53,
        11,
        12,
        50,
        15
      ],
      "stopped_not_at_goal_near_robots_steps": [
        0,
        53,
        0,
        1,
        44,
        11
      ],
      "stopped_not_at_goal_isolated_steps": [
        0,
        0,
        11,
        11,
        6,
        4
      ],
      "stopped_not_at_goal_control_thresholds": [
        0.06,
        0.12,
        0.12,
        0.12,
        0.12,
        0.12
      ],
      "stopped_not_at_goal_near_clearance_threshold": 0.15
    }
  }
}