{
  "name": "sensitivity_ds_0.00_gamma_0.50",
  "controller": "heterogeneous_barrier",
  "summary": {
    "min_clearance": 0.020578874825967874,
    "min_cbf": 0.3026196686457094,
    "collision": false,
    "mean_qp_ms": 0.5843309639001544,
    "p95_qp_ms": 0.8070261834897516,
    "max_qp_ms": 1.6513341667329466,
    "completion_step": null,
    "mean_goal_error": 2.7189692758260002,
    "mean_control_deviation": 1.1982973170836475,
    "per_agent_control_deviation": [
      0.741747430087529,
      1.1884377924713594,
      1.3567780092960788,
      1.501349375285845,
      0.9904089454313719,
      1.4110623499297008
    ]
  },
  "metadata": {
    "accel_limits": [
      0.6,
      1.2,
      1.2,
      1.2,
      1.2,
      1.2
    ],
    "speed_limits": [
      0.6,
      0.6,
      0.6,
      0.6,
      0.6,
      0.6
    ],
    "gamma": [
      0.5,
      0.5,
      0.5,
      0.5,
      0.5,
      0.5
    ],
    "radii": [
      0.4,
      0.2,
      0.2,
      0.2,
      0.2,
      0.2
    ],
    "safety_buffer": 0.0
  }
}