{
  "name": "sensitivity_ds_0.00_gamma_0.50",
  "controller": "heterogeneous_barrier",
  "summary": {
    "min_clearance": 0.005415356238890279,
    "min_pair_distance": 0.4054153562388903,
    "min_cbf": 0.16118553317573617,
    "collision": false,
    "all_goals_reached": true,
    "mean_qp_ms": 1.6570192781232718,
    "p95_qp_ms": 2.2228511334105354,
    "max_qp_ms": 60.22806800016648,
    "completion_step": 317.0,
    "termination_reason": "all_goals_reached",
    "mean_goal_error": 0.0077300001307767695,
    "mean_control_deviation": 0.4261511464075127,
    "per_agent_control_deviation": [
      0.3701611909925502,
      0.3358399891109771,
      0.3466679088844336,
      0.5560602322225076,
      0.40152250204034506,
      0.5466550551942644
    ]
  },
  "metadata": {
    "accel_limits": [
      0.6,
      1.2,
      1.2,
      1.2,
      1.2,
      1.2
    ],
    "speed_limits": [
      0.6,
      0.6,
      0.6,
      0.6,
      0.6,
      0.6
    ],
    "gamma": [
      0.5,
      0.5,
      0.5,
      0.5,
      0.5,
      0.5
    ],
    "radii": [
      0.4,
      0.2,
      0.2,
      0.2,
      0.2,
      0.2
    ],
    "safety_buffer": 0.0
  }
}