{
  "name": "sensitivity_ds_0.10_gamma_2.00",
  "controller": "heterogeneous_barrier",
  "summary": {
    "min_clearance": 1.143473977538445e-05,
    "min_pair_distance": 0.5000147989349677,
    "min_cbf": 0.007462170305249798,
    "collision": false,
    "all_goals_reached": true,
    "mean_qp_ms": 0.990530008540447,
    "p95_qp_ms": 1.8588328324161314,
    "max_qp_ms": 10.275768333182592,
    "completion_step": 234.0,
    "termination_reason": "all_goals_reached",
    "mean_goal_error": 0.01802350015323897,
    "mean_control_deviation": 0.4870688403993156,
    "per_agent_control_deviation": [
      0.41359755082915506,
      0.5312565938978688,
      0.5199779521989337,
      0.5663240673085775,
      0.35901721626361044,
      0.5322396618977477
    ],
    "deadlock_count": 0,
    "deadlock_agents": [],
    "first_deadlock_step": null,
    "collision_after_clamping": false,
    "infeasibility_before_collision": false
  },
  "metadata": {
    "accel_limits": [
      0.6,
      1.2,
      1.2,
      1.2,
      1.2,
      1.2
    ],
    "speed_limits": [
      0.6,
      0.6,
      0.6,
      0.6,
      0.6,
      0.6
    ],
    "gamma": [
      2.0,
      2.0,
      2.0,
      2.0,
      2.0,
      2.0
    ],
    "radii": [
      0.4,
      0.2,
      0.2,
      0.2,
      0.2,
      0.2
    ],
    "safety_buffer": 0.1,
    "pair_indices": [
      [
        0,
        1
      ],
      [
        0,
        2
      ],
      [
        0,
        3
      ],
      [
        0,
        4
      ],
      [
        0,
        5
      ],
      [
        1,
        2
      ],
      [
        1,
        3
      ],
      [
        1,
        4
      ],
      [
        1,
        5
      ],
      [
        2,
        3
      ],
      [
        2,
        4
      ],
      [
        2,
        5
      ],
      [
        3,
        4
      ],
      [
        3,
        5
      ],
      [
        4,
        5
      ]
    ],
    "pairwise_min_cbf": {
      "0-1": 0.007462170305249798,
      "0-2": 1.221190257204712,
      "0-3": 0.33180148231209944,
      "0-4": 0.9380116841380318,
      "0-5": 1.3734316732310392,
      "1-2": 0.276199980699922,
      "1-3": 0.27821182951318985,
      "1-4": 0.31447840639045643,
      "1-5": 1.0783970434448102,
      "2-3": 1.1173414115020277,
      "2-4": 0.3150714175899146,
      "2-5": 0.3738052952381698,
      "3-4": 0.16225888353892526,
      "3-5": 1.4724114099826073,
      "4-5": 0.008653315455238054
    },
    "pairwise_min_cbf_step": {
      "0-1": 123,
      "0-2": 118,
      "0-3": 84,
      "0-4": 43,
      "0-5": 41,
      "1-2": 91,
      "1-3": 104,
      "1-4": 93,
      "1-5": 46,
      "2-3": 52,
      "2-4": 99,
      "2-5": 76,
      "3-4": 100,
      "3-5": 106,
      "4-5": 98
    },
    "pairwise_min_clearance": {
      "0-1": 1.143473977538445e-05,
      "0-2": 0.4358806304653454,
      "0-3": 0.032837627214550524,
      "0-4": 0.4230154051581151,
      "0-5": 0.8891905297346759,
      "1-2": 0.016141460225193693,
      "1-3": 0.01800362452589166,
      "1-4": 0.021180566284826896,
      "1-5": 0.4039755843196007,
      "2-3": 0.33748941646155284,
      "2-4": 0.021118036258486517,
      "2-5": 0.032614881647380245,
      "3-4": 0.008841019311062515,
      "3-5": 0.47658812998625055,
      "4-5": 1.4798934967696908e-05
    },
    "pairwise_min_clearance_step": {
      "0-1": 123,
      "0-2": 133,
      "0-3": 86,
      "0-4": 83,
      "0-5": 81,
      "1-2": 92,
      "1-3": 105,
      "1-4": 94,
      "1-5": 79,
      "2-3": 112,
      "2-4": 99,
      "2-5": 78,
      "3-4": 102,
      "3-5": 112,
      "4-5": 99
    },
    "active_neighbor_counts": null,
    "qp_fallback_history": null,
    "qp_infeasible_history": null,
    "first_infeasible_event": null,
    "collision_event": null,
    "deadlock": {
      "deadlock_count": 0,
      "deadlock_agents": [],
      "first_deadlock_step": null,
      "deadlock_start_steps": {},
      "deadlock_window_steps": 20,
      "deadlock_speed_threshold": 0.05,
      "deadlock_displacement_threshold": 0.03
    },
    "stopped_not_at_goal": {
      "stopped_not_at_goal_steps": [
        2,
        52,
        9,
        12,
        43,
        7
      ],
      "stopped_not_at_goal_near_robots_steps": [
        2,
        52,
        0,
        7,
        43,
        7
      ],
      "stopped_not_at_goal_isolated_steps": [
        0,
        0,
        9,
        5,
        0,
        0
      ],
      "stopped_not_at_goal_control_thresholds": [
        0.06,
        0.12,
        0.12,
        0.12,
        0.12,
        0.12
      ],
      "stopped_not_at_goal_near_clearance_threshold": 0.15
    }
  }
}