{
  "name": "sensitivity_ds_0.10_gamma_2.00",
  "controller": "heterogeneous_barrier",
  "summary": {
    "min_clearance": 2.38841586664984e-05,
    "min_pair_distance": 0.5005434849316269,
    "min_cbf": -0.01832832712546241,
    "collision": false,
    "all_goals_reached": true,
    "mean_qp_ms": 0.5981192987048265,
    "p95_qp_ms": 0.7731963329812667,
    "max_qp_ms": 4.713305833017027,
    "completion_step": 289.0,
    "termination_reason": "all_goals_reached",
    "mean_goal_error": 0.016731469640426447,
    "mean_control_deviation": 0.5841207363225417,
    "per_agent_control_deviation": [
      0.48061948222384493,
      0.6843589861990423,
      0.6358598789226377,
      0.6859900004292255,
      0.4175483692785295,
      0.6003477008819692
    ]
  },
  "metadata": {
    "accel_limits": [
      0.6,
      1.2,
      1.2,
      1.2,
      1.2,
      1.2
    ],
    "speed_limits": [
      0.6,
      0.6,
      0.6,
      0.6,
      0.6,
      0.6
    ],
    "gamma": [
      2.0,
      2.0,
      2.0,
      2.0,
      2.0,
      2.0
    ],
    "radii": [
      0.4,
      0.2,
      0.2,
      0.2,
      0.2,
      0.2
    ],
    "safety_buffer": 0.1
  }
}