{
  "baseline_comparison": [
    {
      "experiment": "lane_swap_6",
      "controller": "nominal",
      "min_clearance": -0.3984064587121031,
      "min_cbf": -1.1978091097699792,
      "collision": true,
      "mean_qp_ms": 0.0,
      "p95_qp_ms": 0.0,
      "max_qp_ms": 0.0,
      "completion_step": null,
      "mean_goal_error": 2.2377242186027293,
      "mean_control_deviation": 0.0,
      "per_agent_control_deviation": [
        0.0,
        0.0,
        0.0,
        0.0,
        0.0,
        0.0
      ]
    },
    {
      "experiment": "lane_swap_6",
      "controller": "symmetric_barrier",
      "min_clearance": -0.036155270322911326,
      "min_cbf": -1.1762035863469498,
      "collision": true,
      "mean_qp_ms": 1.0119325523798277,
      "p95_qp_ms": 1.2105509456887376,
      "max_qp_ms": 2.0249179942766204,
      "completion_step": null,
      "mean_goal_error": 2.4485079754452883,
      "mean_control_deviation": 1.0466143137028399,
      "per_agent_control_deviation": [
        0.794515408573925,
        0.7414708482385957,
        1.4777088880504925,
        1.41608096660799,
        0.28527621894823346,
        1.5646335517978016
      ]
    },
    {
      "experiment": "lane_swap_6",
      "controller": "heterogeneous_barrier",
      "min_clearance": 0.010649569740572573,
      "min_cbf": 0.21971265334422155,
      "collision": false,
      "mean_qp_ms": 0.5103268722450593,
      "p95_qp_ms": 0.6563659491803266,
      "max_qp_ms": 0.8143495021310324,
      "completion_step": null,
      "mean_goal_error": 2.493305770825127,
      "mean_control_deviation": 1.112784942064995,
      "per_agent_control_deviation": [
        0.665462351343381,
        1.1333100875926925,
        1.2464703037589857,
        1.421954657657048,
        0.9653584416094555,
        1.244153810428407
      ]
    }
  ],
  "scalability": [
    {
      "experiment": "lane_swap_10",
      "controller": "heterogeneous_barrier",
      "n_agents": 10,
      "min_clearance": 0.006194403892371414,
      "min_cbf": 0.16888341378144295,
      "collision": false,
      "mean_qp_ms": 1.2910450399552549,
      "p95_qp_ms": 2.149295629715177,
      "max_qp_ms": 23.475607299769763,
      "completion_step": null,
      "mean_goal_error": 3.2224468030505853,
      "mean_control_deviation": 1.0987721566296216,
      "per_agent_control_deviation": [
        0.7139911810407926,
        1.345788749957029,
        1.020352799658115,
        1.3543425654254333,
        1.0593854870668475,
        1.0593854870666386,
        1.3543425654253411,
        1.0203527996582473,
        1.345788749957005,
        0.7139911810407664
      ]
    },
    {
      "experiment": "lane_swap_15",
      "controller": "heterogeneous_barrier",
      "n_agents": 15,
      "min_clearance": 0.0046024215989803885,
      "min_cbf": 0.14668765109536624,
      "collision": false,
      "mean_qp_ms": 1.2538794277740333,
      "p95_qp_ms": 3.838350766697245,
      "max_qp_ms": 11.23127180035226,
      "completion_step": null,
      "mean_goal_error": 3.3578741906275797,
      "mean_control_deviation": 1.1364599954714076,
      "per_agent_control_deviation": [
        0.6474715010173141,
        1.503115465063619,
        1.4112966045331814,
        1.0617682257611036,
        0.50323830091037,
        1.2110777263744643,
        1.404427322585719,
        1.3785138817007834,
        1.1456898323861602,
        0.6515497294330426,
        1.5041613363211945,
        1.110652913591243,
        1.212464147553658,
        1.534411876171615,
        0.7670610686676482
      ]
    },
    {
      "experiment": "lane_swap_20",
      "controller": "heterogeneous_barrier",
      "n_agents": 20,
      "min_clearance": 0.0001141380288543492,
      "min_cbf": 0.029267124095631654,
      "collision": false,
      "mean_qp_ms": 1.397498049979428,
      "p95_qp_ms": 2.6849475899870767,
      "max_qp_ms": 10.977382750570541,
      "completion_step": null,
      "mean_goal_error": 3.496179611356733,
      "mean_control_deviation": 1.2326679826464928,
      "per_agent_control_deviation": [
        0.6879576230742909,
        1.5619293507542031,
        1.586220641470624,
        1.406137723908802,
        0.49862740424200197,
        1.132049748930906,
        1.4224316876882528,
        1.5849743559736746,
        1.5740838385276352,
        0.6578781970064974,
        1.4380342926617353,
        1.4772168419896474,
        1.51011574213341,
        1.2655067903313246,
        0.5232957191750445,
        1.1098359508100297,
        1.4466586351130508,
        1.555955738213011,
        1.5416780376898056,
        0.6727713332359078
      ]
    }
  ],
  "sensitivity": [
    {
      "experiment": "sensitivity_ds_0.00_gamma_0.50",
      "controller": "heterogeneous_barrier",
      "min_clearance": 0.021671505724117857,
      "min_cbf": 0.3097100874994483,
      "collision": false,
      "mean_qp_ms": 0.5110765943552704,
      "p95_qp_ms": 0.5680204823875101,
      "max_qp_ms": 0.7451743343456959,
      "completion_step": null,
      "mean_goal_error": 2.7129020166399083,
      "mean_control_deviation": 1.1985062235545563,
      "per_agent_control_deviation": [
        0.741152324965354,
        1.1891689880927887,
        1.356034798381186,
        1.5021870193065523,
        0.991794850769467,
        1.4106993598119892
      ]
    },
    {
      "experiment": "sensitivity_ds_0.00_gamma_1.00",
      "controller": "heterogeneous_barrier",
      "min_clearance": 0.010649569740572573,
      "min_cbf": 0.21971265334422155,
      "collision": false,
      "mean_qp_ms": 0.515552614201119,
      "p95_qp_ms": 0.6019261500720557,
      "max_qp_ms": 0.6402440000480661,
      "completion_step": null,
      "mean_goal_error": 2.493305770825127,
      "mean_control_deviation": 1.112784942064995,
      "per_agent_control_deviation": [
        0.665462351343381,
        1.1333100875926925,
        1.2464703037589857,
        1.421954657657048,
        0.9653584416094555,
        1.244153810428407
      ]
    },
    {
      "experiment": "sensitivity_ds_0.00_gamma_2.00",
      "controller": "heterogeneous_barrier",
      "min_clearance": -0.00020755095678137714,
      "min_cbf": 0.0017016343284389308,
      "collision": true,
      "mean_qp_ms": 0.838887391687927,
      "p95_qp_ms": 1.477207359857858,
      "max_qp_ms": 4.2355631667305715,
      "completion_step": null,
      "mean_goal_error": 2.4183787859186894,
      "mean_control_deviation": 0.9240839455614455,
      "per_agent_control_deviation": [
        0.800732338376029,
        0.8184940737722078,
        1.0071031215427153,
        1.0405810526023207,
        0.7554917858735154,
        1.1221013012018843
      ]
    },
    {
      "experiment": "sensitivity_ds_0.05_gamma_0.50",
      "controller": "heterogeneous_barrier",
      "min_clearance": 0.024957753233265212,
      "min_cbf": 0.3325826904261423,
      "collision": false,
      "mean_qp_ms": 0.49260226405749563,
      "p95_qp_ms": 0.6590370171276543,
      "max_qp_ms": 0.6886071666182639,
      "completion_step": null,
      "mean_goal_error": 2.7423204211831647,
      "mean_control_deviation": 1.2282261831822927,
      "per_agent_control_deviation": [
        0.7732256633657905,
        1.194949151620402,
        1.3991868145098867,
        1.5500410457638418,
        0.9988973612506615,
        1.453057062583172
      ]
    },
    {
      "experiment": "sensitivity_ds_0.05_gamma_1.00",
      "controller": "heterogeneous_barrier",
      "min_clearance": 0.01224268360540548,
      "min_cbf": 0.23560307907679537,
      "collision": false,
      "mean_qp_ms": 0.4605430304865068,
      "p95_qp_ms": 0.5832846828222198,
      "max_qp_ms": 0.6479041646040665,
      "completion_step": null,
      "mean_goal_error": 2.5147792537309557,
      "mean_control_deviation": 1.1579389093470935,