{
  "name": "lane_swap_10",
  "controller": "heterogeneous_barrier",
  "summary": {
    "min_clearance": 0.006194403892371414,
    "min_cbf": 0.16888341378144295,
    "collision": false,
    "mean_qp_ms": 1.2910450399552549,
    "p95_qp_ms": 2.149295629715177,
    "max_qp_ms": 23.475607299769763,
    "completion_step": null,
    "mean_goal_error": 3.2224468030505853,
    "mean_control_deviation": 1.0987721566296216,
    "per_agent_control_deviation": [
      0.7139911810407926,
      1.345788749957029,
      1.020352799658115,
      1.3543425654254333,
      1.0593854870668475,
      1.0593854870666386,
      1.3543425654253411,
      1.0203527996582473,
      1.345788749957005,
      0.7139911810407664
    ]
  },
  "metadata": {
    "accel_limits": [
      0.6,
      1.2,
      1.2,
      1.2,
      1.2,
      1.2,
      1.2,
      1.2,
      1.2,
      0.6
    ],
    "speed_limits": [
      0.7,
      0.7,
      0.7,
      0.7,
      0.7,
      0.7,
      0.7,
      0.7,
      0.7,
      0.7
    ],
    "gamma": [
      1.0,
      1.0,
      1.0,
      1.0,
      1.0,
      1.0,
      1.0,
      1.0,
      1.0,
      1.0
    ],
    "radii": [
      0.28,
      0.16,
      0.16,
      0.16,
      0.16,
      0.16,
      0.16,
      0.16,
      0.16,
      0.28
    ],
    "safety_buffer": 0.0
  }
}