{
  "name": "lane_swap_15",
  "controller": "heterogeneous_barrier",
  "summary": {
    "min_clearance": 0.0046024215989803885,
    "min_cbf": 0.14668765109536624,
    "collision": false,
    "mean_qp_ms": 1.2538794277740333,
    "p95_qp_ms": 3.838350766697245,
    "max_qp_ms": 11.23127180035226,
    "completion_step": null,
    "mean_goal_error": 3.3578741906275797,
    "mean_control_deviation": 1.1364599954714076,
    "per_agent_control_deviation": [
      0.6474715010173141,
      1.503115465063619,
      1.4112966045331814,
      1.0617682257611036,
      0.50323830091037,
      1.2110777263744643,
      1.404427322585719,
      1.3785138817007834,
      1.1456898323861602,
      0.6515497294330426,
      1.5041613363211945,
      1.110652913591243,
      1.212464147553658,
      1.534411876171615,
      0.7670610686676482
    ]
  },
  "metadata": {
    "accel_limits": [
      0.6,
      1.2,
      1.2,
      1.2,
      0.6,
      1.2,
      1.2,
      1.2,
      1.2,
      0.6,
      1.2,
      1.2,
      1.2,
      1.2,
      0.6
    ],
    "speed_limits": [
      0.7,
      0.7,
      0.7,
      0.7,
      0.7,
      0.7,
      0.7,
      0.7,
      0.7,
      0.7,
      0.7,
      0.7,
      0.7,
      0.7,
      0.7
    ],
    "gamma": [
      1.0,
      1.0,
      1.0,
      1.0,
      1.0,
      1.0,
      1.0,
      1.0,
      1.0,
      1.0,
      1.0,
      1.0,
      1.0,
      1.0,
      1.0
    ],
    "radii": [
      0.28,
      0.16,
      0.16,
      0.16,
      0.28,
      0.16,
      0.16,
      0.16,
      0.16,
      0.28,
      0.16,
      0.16,
      0.16,
      0.16,
      0.28
    ],
    "safety_buffer": 0.0
  }
}