{
  "name": "lane_swap_6",
  "controller": "symmetric_barrier",
  "summary": {
    "min_clearance": -0.036155270322911326,
    "min_cbf": -1.1762035863469498,
    "collision": true,
    "mean_qp_ms": 1.0119325523798277,
    "p95_qp_ms": 1.2105509456887376,
    "max_qp_ms": 2.0249179942766204,
    "completion_step": null,
    "mean_goal_error": 2.4485079754452883,
    "mean_control_deviation": 1.0466143137028399,
    "per_agent_control_deviation": [
      0.794515408573925,
      0.7414708482385957,
      1.4777088880504925,
      1.41608096660799,
      0.28527621894823346,
      1.5646335517978016
    ]
  },
  "metadata": {
    "accel_limits": [
      0.6,
      1.2,
      1.2,
      1.2,
      1.2,
      1.2
    ],
    "speed_limits": [
      0.6,
      0.6,
      0.6,
      0.6,
      0.6,
      0.6
    ],
    "gamma": [
      1.0,
      1.0,
      1.0,
      1.0,
      1.0,
      1.0
    ],
    "radii": [
      0.4,
      0.2,
      0.2,
      0.2,
      0.2,
      0.2
    ],
    "safety_buffer": 0.0
  }
}