{
  "name": "lane_swap_20",
  "controller": "heterogeneous_barrier",
  "summary": {
    "min_clearance": 0.0001141380288543492,
    "min_cbf": 0.029267124095631654,
    "collision": false,
    "mean_qp_ms": 1.397498049979428,
    "p95_qp_ms": 2.6849475899870767,
    "max_qp_ms": 10.977382750570541,
    "completion_step": null,
    "mean_goal_error": 3.496179611356733,
    "mean_control_deviation": 1.2326679826464928,
    "per_agent_control_deviation": [
      0.6879576230742909,
      1.5619293507542031,
      1.586220641470624,
      1.406137723908802,
      0.49862740424200197,
      1.132049748930906,
      1.4224316876882528,
      1.5849743559736746,
      1.5740838385276352,
      0.6578781970064974,
      1.4380342926617353,
      1.4772168419896474,
      1.51011574213341,
      1.2655067903313246,
      0.5232957191750445,
      1.1098359508100297,
      1.4466586351130508,
      1.555955738213011,
      1.5416780376898056,
      0.6727713332359078
    ]
  },
  "metadata": {
    "accel_limits": [
      0.6,
      1.2,
      1.2,
      1.2,
      0.6,
      1.2,
      1.2,
      1.2,
      1.2,
      0.6,
      1.2,
      1.2,
      1.2,
      1.2,
      0.6,
      1.2,
      1.2,
      1.2,
      1.2,
      0.6
    ],
    "speed_limits": [
      0.7,
      0.7,
      0.7,
      0.7,
      0.7,
      0.7,
      0.7,
      0.7,
      0.7,
      0.7,
      0.7,
      0.7,
      0.7,
      0.7,
      0.7,
      0.7,
      0.7,
      0.7,
      0.7,
      0.7
    ],
    "gamma": [
      1.0,
      1.0,
      1.0,
      1.0,
      1.0,
      1.0,
      1.0,
      1.0,
      1.0,
      1.0,
      1.0,
      1.0,
      1.0,
      1.0,
      1.0,
      1.0,
      1.0,
      1.0,
      1.0,
      1.0
    ],
    "radii": [
      0.28,
      0.16,
      0.16,
      0.16,
      0.28,
      0.16,
      0.16,
      0.16,
      0.16,
      0.28,
      0.16,
      0.16,
      0.16,
      0.16,
      0.28,
      0.16,
      0.16,
      0.16,
      0.16,
      0.28
    ],
    "safety_buffer": 0.0
  }
}