{
  "name": "sensitivity_ds_0.05_gamma_2.00",
  "controller": "heterogeneous_barrier",
  "summary": {
    "min_clearance": 0.0033181131464159463,
    "min_cbf": 0.10873965227637766,
    "collision": false,
    "mean_qp_ms": 0.4973450001367989,
    "p95_qp_ms": 0.6826231423474389,
    "max_qp_ms": 0.8983011672777744,
    "completion_step": null,
    "mean_goal_error": 2.4511125384853947,
    "mean_control_deviation": 0.9936521840190401,
    "per_agent_control_deviation": [
      0.8441951647785614,
      0.8691239937311896,
      1.1156042461721547,
      1.1358415516609435,
      0.7893626660232809,
      1.207785481748111
    ]
  },
  "metadata": {
    "accel_limits": [
      0.6,
      1.2,
      1.2,
      1.2,
      1.2,
      1.2
    ],
    "speed_limits": [
      0.6,
      0.6,
      0.6,
      0.6,
      0.6,
      0.6
    ],
    "gamma": [
      2.0,
      2.0,
      2.0,
      2.0,
      2.0,
      2.0
    ],
    "radii": [
      0.4,
      0.2,
      0.2,
      0.2,
      0.2,
      0.2
    ],
    "safety_buffer": 0.05
  }
}