{
  "name": "sensitivity_ds_0.10_gamma_1.00",
  "controller": "heterogeneous_barrier",
  "summary": {
    "min_clearance": 0.014064971675724958,
    "min_cbf": 0.25248188665673504,
    "collision": false,
    "mean_qp_ms": 0.5151611612948019,
    "p95_qp_ms": 0.5703535251086579,
    "max_qp_ms": 0.6501031675725244,
    "completion_step": null,
    "mean_goal_error": 2.5437157023576003,
    "mean_control_deviation": 1.2219639002793792,
    "per_agent_control_deviation": [
      0.778625103591285,
      1.1950680041989339,
      1.4391040386717047,
      1.502966173373495,
      0.9777365089154562,
      1.4382835729254009
    ]
  },
  "metadata": {
    "accel_limits": [
      0.6,
      1.2,
      1.2,
      1.2,
      1.2,
      1.2
    ],
    "speed_limits": [
      0.6,
      0.6,
      0.6,
      0.6,
      0.6,
      0.6
    ],
    "gamma": [
      1.0,
      1.0,
      1.0,
      1.0,
      1.0,
      1.0
    ],
    "radii": [
      0.4,
      0.2,
      0.2,
      0.2,
      0.2,
      0.2
    ],
    "safety_buffer": 0.1
  }
}