{
  "name": "sensitivity_ds_0.00_gamma_0.50",
  "controller": "heterogeneous_barrier",
  "summary": {
    "min_clearance": 0.021671505724117857,
    "min_cbf": 0.3097100874994483,
    "collision": false,
    "mean_qp_ms": 0.5110765943552704,
    "p95_qp_ms": 0.5680204823875101,
    "max_qp_ms": 0.7451743343456959,
    "completion_step": null,
    "mean_goal_error": 2.7129020166399083,
    "mean_control_deviation": 1.1985062235545563,
    "per_agent_control_deviation": [
      0.741152324965354,
      1.1891689880927887,
      1.356034798381186,
      1.5021870193065523,
      0.991794850769467,
      1.4106993598119892
    ]
  },
  "metadata": {
    "accel_limits": [
      0.6,
      1.2,
      1.2,
      1.2,
      1.2,
      1.2
    ],
    "speed_limits": [
      0.6,
      0.6,
      0.6,
      0.6,
      0.6,
      0.6
    ],
    "gamma": [
      0.5,
      0.5,
      0.5,
      0.5,
      0.5,
      0.5
    ],
    "radii": [
      0.4,
      0.2,
      0.2,
      0.2,
      0.2,
      0.2
    ],
    "safety_buffer": 0.0
  }
}