{
  "name": "sensitivity_ds_0.00_gamma_1.00",
  "controller": "heterogeneous_barrier",
  "summary": {
    "min_clearance": 0.010649569740572573,
    "min_cbf": 0.21971265334422155,
    "collision": false,
    "mean_qp_ms": 0.515552614201119,
    "p95_qp_ms": 0.6019261500720557,
    "max_qp_ms": 0.6402440000480661,
    "completion_step": null,
    "mean_goal_error": 2.493305770825127,
    "mean_control_deviation": 1.112784942064995,
    "per_agent_control_deviation": [
      0.665462351343381,
      1.1333100875926925,
      1.2464703037589857,
      1.421954657657048,
      0.9653584416094555,
      1.244153810428407
    ]
  },
  "metadata": {
    "accel_limits": [
      0.6,
      1.2,
      1.2,
      1.2,
      1.2,
      1.2
    ],
    "speed_limits": [
      0.6,
      0.6,
      0.6,
      0.6,
      0.6,
      0.6
    ],
    "gamma": [
      1.0,
      1.0,
      1.0,
      1.0,
      1.0,
      1.0
    ],
    "radii": [
      0.4,
      0.2,
      0.2,
      0.2,
      0.2,
      0.2
    ],
    "safety_buffer": 0.0
  }
}