{
  "name": "sensitivity_ds_0.05_gamma_0.50",
  "controller": "heterogeneous_barrier",
  "summary": {
    "min_clearance": 0.024957753233265212,
    "min_cbf": 0.3325826904261423,
    "collision": false,
    "mean_qp_ms": 0.49260226405749563,
    "p95_qp_ms": 0.6590370171276543,
    "max_qp_ms": 0.6886071666182639,
    "completion_step": null,
    "mean_goal_error": 2.7423204211831647,
    "mean_control_deviation": 1.2282261831822927,
    "per_agent_control_deviation": [
      0.7732256633657905,
      1.194949151620402,
      1.3991868145098867,
      1.5500410457638418,
      0.9988973612506615,
      1.453057062583172
    ]
  },
  "metadata": {
    "accel_limits": [
      0.6,
      1.2,
      1.2,
      1.2,
      1.2,
      1.2
    ],
    "speed_limits": [
      0.6,
      0.6,
      0.6,
      0.6,
      0.6,
      0.6
    ],
    "gamma": [
      0.5,
      0.5,
      0.5,
      0.5,
      0.5,
      0.5
    ],
    "radii": [
      0.4,
      0.2,
      0.2,
      0.2,
      0.2,
      0.2
    ],
    "safety_buffer": 0.05
  }
}