{
  "name": "sensitivity_ds_0.05_gamma_1.00",
  "controller": "heterogeneous_barrier",
  "summary": {
    "min_clearance": 0.01224268360540548,
    "min_cbf": 0.23560307907679537,
    "collision": false,
    "mean_qp_ms": 0.4605430304865068,
    "p95_qp_ms": 0.5832846828222198,
    "max_qp_ms": 0.6479041646040665,
    "completion_step": null,
    "mean_goal_error": 2.5147792537309557,
    "mean_control_deviation": 1.1579389093470935,
    "per_agent_control_deviation": [
      0.6853185893830702,
      1.1633256720861078,
      1.320221554675327,
      1.4829202828927253,
      0.9756032830804741,
      1.3202440739648575
    ]
  },
  "metadata": {
    "accel_limits": [
      0.6,
      1.2,
      1.2,
      1.2,
      1.2,
      1.2
    ],
    "speed_limits": [
      0.6,
      0.6,
      0.6,
      0.6,
      0.6,
      0.6
    ],
    "gamma": [
      1.0,
      1.0,
      1.0,
      1.0,
      1.0,
      1.0
    ],
    "radii": [
      0.4,
      0.2,
      0.2,
      0.2,
      0.2,
      0.2
    ],
    "safety_buffer": 0.05
  }
}