{
  "name": "sensitivity_ds_0.10_gamma_0.50",
  "controller": "heterogeneous_barrier",
  "summary": {
    "min_clearance": 0.028282301852851077,
    "min_cbf": 0.3542483027268198,
    "collision": false,
    "mean_qp_ms": 0.5291073553962633,
    "p95_qp_ms": 0.6074421253288169,
    "max_qp_ms": 0.8281638341334959,
    "completion_step": null,
    "mean_goal_error": 2.7707620613266055,
    "mean_control_deviation": 1.2541205993265403,
    "per_agent_control_deviation": [
      0.8024425769135656,
      1.20426827372252,
      1.4658847331150453,
      1.5681942797335153,
      0.9925238415260175,
      1.4914098909485767
    ]
  },
  "metadata": {
    "accel_limits": [
      0.6,
      1.2,
      1.2,
      1.2,
      1.2,
      1.2
    ],
    "speed_limits": [
      0.6,
      0.6,
      0.6,
      0.6,
      0.6,
      0.6
    ],
    "gamma": [
      0.5,
      0.5,
      0.5,
      0.5,
      0.5,
      0.5
    ],
    "radii": [
      0.4,
      0.2,
      0.2,
      0.2,
      0.2,
      0.2
    ],
    "safety_buffer": 0.1
  }
}