{
  "name": "sensitivity_ds_0.10_gamma_2.00",
  "controller": "heterogeneous_barrier",
  "summary": {
    "min_clearance": 0.006283853739916356,
    "min_cbf": 0.14968364877669055,
    "collision": false,
    "mean_qp_ms": 0.4996649722064224,
    "p95_qp_ms": 0.5823335913495012,
    "max_qp_ms": 0.7087623331851015,
    "completion_step": null,
    "mean_goal_error": 2.479729932166831,
    "mean_control_deviation": 1.0557975740884016,
    "per_agent_control_deviation": [
      0.8585433121646449,
      0.9278074686121354,
      1.2202876659170172,
      1.2338276960935695,
      0.813797650696289,
      1.2805216510467547
    ]
  },
  "metadata": {
    "accel_limits": [
      0.6,
      1.2,
      1.2,
      1.2,
      1.2,
      1.2
    ],
    "speed_limits": [
      0.6,
      0.6,
      0.6,
      0.6,
      0.6,
      0.6
    ],
    "gamma": [
      2.0,
      2.0,
      2.0,
      2.0,
      2.0,
      2.0
    ],
    "radii": [
      0.4,
      0.2,
      0.2,
      0.2,
      0.2,
      0.2
    ],
    "safety_buffer": 0.1
  }
}