{
  "name": "sensitivity_ds_0.00_gamma_2.00",
  "controller": "heterogeneous_barrier",
  "summary": {
    "min_clearance": -0.00020755095678137714,
    "min_cbf": 0.0017016343284389308,
    "collision": true,
    "mean_qp_ms": 0.838887391687927,
    "p95_qp_ms": 1.477207359857858,
    "max_qp_ms": 4.2355631667305715,
    "completion_step": null,
    "mean_goal_error": 2.4183787859186894,
    "mean_control_deviation": 0.9240839455614455,
    "per_agent_control_deviation": [
      0.800732338376029,
      0.8184940737722078,
      1.0071031215427153,
      1.0405810526023207,
      0.7554917858735154,
      1.1221013012018843
    ]
  },
  "metadata": {
    "accel_limits": [
      0.6,
      1.2,
      1.2,
      1.2,
      1.2,
      1.2
    ],
    "speed_limits": [
      0.6,
      0.6,
      0.6,
      0.6,
      0.6,
      0.6
    ],
    "gamma": [
      2.0,
      2.0,
      2.0,
      2.0,
      2.0,
      2.0
    ],
    "radii": [
      0.4,
      0.2,
      0.2,
      0.2,
      0.2,
      0.2
    ],
    "safety_buffer": 0.0
  }
}