{
  "name": "sensitivity_ds_0.05_gamma_1.00",
  "controller": "heterogeneous_barrier",
  "summary": {
    "min_clearance": 3.4767365660381966e-05,
    "min_pair_distance": 0.4500347673656604,
    "min_cbf": 0.010700435216906907,
    "collision": false,
    "all_goals_reached": true,
    "mean_qp_ms": 0.5392837334515869,
    "p95_qp_ms": 0.6996333334730783,
    "max_qp_ms": 0.9844916670166034,
    "completion_step": 282.0,
    "termination_reason": "all_goals_reached",
    "mean_goal_error": 0.006728082419602555,
    "mean_control_deviation": 0.4305406239991092,
    "per_agent_control_deviation": [
      0.3359894396104899,
      0.3994713370509982,
      0.445859468045461,
      0.6152227606490837,
      0.37403602913702283,
      0.41266470950159895
    ]
  },
  "metadata": {
    "accel_limits": [
      0.6,
      1.2,
      1.2,
      1.2,
      1.2,
      1.2
    ],
    "speed_limits": [
      0.6,
      0.6,
      0.6,
      0.6,
      0.6,
      0.6
    ],
    "gamma": [
      1.0,
      1.0,
      1.0,
      1.0,
      1.0,
      1.0
    ],
    "radii": [
      0.4,
      0.2,
      0.2,
      0.2,
      0.2,
      0.2
    ],
    "safety_buffer": 0.05
  }
}