{
  "name": "sensitivity_ds_0.05_gamma_1.00",
  "controller": "heterogeneous_barrier",
  "summary": {
    "min_clearance": 0.011554288014215153,
    "min_cbf": 0.2293966965041715,
    "collision": false,
    "mean_qp_ms": 0.9003227888772218,
    "p95_qp_ms": 1.9019747168840715,
    "max_qp_ms": 2.6003651664723293,
    "completion_step": null,
    "mean_goal_error": 2.51821388213038,
    "mean_control_deviation": 1.1555137820155355,
    "per_agent_control_deviation": [
      0.6884420979853375,
      1.158806864843842,
      1.3179111044016767,
      1.477645041748122,
      0.9719787998242165,
      1.318298783290017
    ]
  },
  "metadata": {
    "accel_limits": [
      0.6,
      1.2,
      1.2,
      1.2,
      1.2,
      1.2
    ],
    "speed_limits": [
      0.6,
      0.6,
      0.6,
      0.6,
      0.6,
      0.6
    ],
    "gamma": [
      1.0,
      1.0,
      1.0,
      1.0,
      1.0,
      1.0
    ],
    "radii": [
      0.4,
      0.2,
      0.2,
      0.2,
      0.2,
      0.2
    ],
    "safety_buffer": 0.05
  }
}