{
  "name": "sensitivity_ds_0.05_gamma_1.00",
  "controller": "heterogeneous_barrier",
  "summary": {
    "min_clearance": 4.319459369406253e-06,
    "min_pair_distance": 0.45007830922132286,
    "min_cbf": 0.0037180330067291996,
    "collision": false,
    "all_goals_reached": true,
    "mean_qp_ms": 0.8319574148482529,
    "p95_qp_ms": 1.263416499568848,
    "max_qp_ms": 5.697198833028476,
    "completion_step": 231.0,
    "termination_reason": "all_goals_reached",
    "mean_goal_error": 0.017924867030004597,
    "mean_control_deviation": 0.4878304253035862,
    "per_agent_control_deviation": [
      0.40945175112765714,
      0.533637556293369,
      0.5196378108736303,
      0.5703660752965951,
      0.36129611376146453,
      0.5325932444688007
    ],
    "deadlock_count": 0,
    "deadlock_agents": [],
    "first_deadlock_step": null,
    "collision_after_clamping": false,
    "infeasibility_before_collision": false
  },
  "metadata": {
    "accel_limits": [
      0.6,
      1.2,
      1.2,
      1.2,
      1.2,
      1.2
    ],
    "speed_limits": [
      0.6,
      0.6,
      0.6,
      0.6,
      0.6,
      0.6
    ],
    "gamma": [
      1.0,
      1.0,
      1.0,
      1.0,
      1.0,
      1.0
    ],
    "radii": [
      0.4,
      0.2,
      0.2,
      0.2,
      0.2,
      0.2
    ],
    "safety_buffer": 0.05,
    "pair_indices": [
      [
        0,
        1
      ],
      [
        0,
        2
      ],
      [
        0,
        3
      ],
      [
        0,
        4
      ],
      [
        0,
        5
      ],
      [
        1,
        2
      ],
      [
        1,
        3
      ],
      [
        1,
        4
      ],
      [
        1,
        5
      ],
      [
        2,
        3
      ],
      [
        2,
        4
      ],
      [
        2,
        5
      ],
      [
        3,
        4
      ],
      [
        3,
        5
      ],
      [
        4,
        5
      ]
    ],
    "pairwise_min_cbf": {
      "0-1": 0.0037180330067291996,
      "0-2": 1.1913303083301425,
      "0-3": 0.44641142338759415,
      "0-4": 1.0535694035993948,
      "0-5": 1.4247536456722913,
      "1-2": 0.3803039828964217,
      "1-3": 0.41413098960349387,
      "1-4": 0.4281439301522712,
      "1-5": 1.176781315920965,
      "2-3": 1.1765570454160819,
      "2-4": 0.4269468773327454,
      "2-5": 0.49965312807774825,
      "3-4": 0.3629269578453928,
      "3-5": 1.4223804608324784,
      "4-5": 0.01621601651858772
    },
    "pairwise_min_cbf_step": {
      "0-1": 131,
      "0-2": 115,
      "0-3": 83,
      "0-4": 47,
      "0-5": 41,
      "1-2": 90,
      "1-3": 101,
      "1-4": 91,
      "1-5": 47,
      "2-3": 105,
      "2-4": 99,
      "2-5": 75,
      "3-4": 98,
      "3-5": 99,
      "4-5": 104
    },
    "pairwise_min_clearance": {
      "0-1": 4.319459369406253e-06,
      "0-2": 0.4183107320936761,
      "0-3": 0.0632375938999803,
      "0-4": 0.42024174920227453,
      "0-5": 0.8533683632015685,
      "1-2": 0.030881794320214373,
      "1-3": 0.03789462063326832,
      "1-4": 0.03999657675889212,
      "1-5": 0.4006434693711251,
      "2-3": 0.33635866430705447,
      "2-4": 0.03847573314088065,
      "2-5": 0.06130758265826558,
      "3-4": 0.028077004523432147,
      "3-5": 0.4503798614027534,
      "4-5": 7.830922132284757e-05
    },
    "pairwise_min_clearance_step": {
      "0-1": 131,
      "0-2": 128,
      "0-3": 86,
      "0-4": 85,
      "0-5": 83,
      "1-2": 91,
      "1-3": 102,
      "1-4": 92,
      "1-5": 82,
      "2-3": 109,
      "2-4": 101,
      "2-5": 79,
      "3-4": 99,
      "3-5": 109,
      "4-5": 104
    },
    "active_neighbor_counts": null,
    "qp_fallback_history": null,
    "qp_infeasible_history": null,
    "first_infeasible_event": null,
    "collision_event": null,
    "deadlock": {
      "deadlock_count": 0,
      "deadlock_agents": [],
      "first_deadlock_step": null,
      "deadlock_start_steps": {},
      "deadlock_window_steps": 20,
      "deadlock_speed_threshold": 0.05,
      "deadlock_displacement_threshold": 0.03
    },
    "stopped_not_at_goal": {
      "stopped_not_at_goal_steps": [
        0,
        54,
        9,
        13,
        42,
        9
      ],
      "stopped_not_at_goal_near_robots_steps": [
        0,
        54,
        0,
        4,
        42,
        9
      ],
      "stopped_not_at_goal_isolated_steps": [
        0,
        0,
        9,
        9,
        0,
        0
      ],
      "stopped_not_at_goal_control_thresholds": [
        0.06,
        0.12,
        0.12,
        0.12,
        0.12,
        0.12
      ],
      "stopped_not_at_goal_near_clearance_threshold": 0.15
    }
  }
}