{
  "name": "sensitivity_ds_0.00_gamma_2.00",
  "controller": "heterogeneous_barrier",
  "summary": {
    "min_clearance": 1.6098243157458558e-05,
    "min_pair_distance": 0.4000160982431575,
    "min_cbf": 0.006894491374725234,
    "collision": false,
    "all_goals_reached": true,
    "mean_qp_ms": 0.8235514260948198,
    "p95_qp_ms": 1.4887337668066392,
    "max_qp_ms": 12.984035166785665,
    "completion_step": 239.0,
    "termination_reason": "all_goals_reached",
    "mean_goal_error": 0.013298884291755722,
    "mean_control_deviation": 0.4900585235278678,
    "per_agent_control_deviation": [
      0.3003570775086066,
      0.4901057274206679,
      0.5936413342036286,
      0.520845816544465,
      0.43785456225031444,
      0.5975466232395238
    ]
  },
  "metadata": {
    "accel_limits": [
      0.6,
      1.2,
      1.2,
      1.2,
      1.2,
      1.2
    ],
    "speed_limits": [
      0.6,
      0.6,
      0.6,
      0.6,
      0.6,
      0.6
    ],
    "gamma": [
      2.0,
      2.0,
      2.0,
      2.0,
      2.0,
      2.0
    ],
    "radii": [
      0.4,
      0.2,
      0.2,
      0.2,
      0.2,
      0.2
    ],
    "safety_buffer": 0.0
  }
}