{
  "name": "sensitivity_ds_0.00_gamma_2.00",
  "controller": "heterogeneous_barrier",
  "summary": {
    "min_clearance": 2.7352690622040043e-05,
    "min_pair_distance": 0.40004723120789293,
    "min_cbf": 0.010927386477049005,
    "collision": false,
    "all_goals_reached": true,
    "mean_qp_ms": 0.7617481423734727,
    "p95_qp_ms": 1.370433833168742,
    "max_qp_ms": 4.4174678332637995,
    "completion_step": 226.0,
    "termination_reason": "all_goals_reached",
    "mean_goal_error": 0.019467389113799534,
    "mean_control_deviation": 0.4681544762563002,
    "per_agent_control_deviation": [
      0.4084565165762414,
      0.503891710540737,
      0.5071907024802703,
      0.543203646778828,
      0.34225003562170286,
      0.5039342455400222
    ],
    "deadlock_count": 0,
    "deadlock_agents": [],
    "first_deadlock_step": null,
    "collision_after_clamping": false,
    "infeasibility_before_collision": false
  },
  "metadata": {
    "accel_limits": [
      0.6,
      1.2,
      1.2,
      1.2,
      1.2,
      1.2
    ],
    "speed_limits": [
      0.6,
      0.6,
      0.6,
      0.6,
      0.6,
      0.6
    ],
    "gamma": [
      2.0,
      2.0,
      2.0,
      2.0,
      2.0,
      2.0
    ],
    "radii": [
      0.4,
      0.2,
      0.2,
      0.2,
      0.2,
      0.2
    ],
    "safety_buffer": 0.0,
    "pair_indices": [
      [
        0,
        1
      ],
      [
        0,
        2
      ],
      [
        0,
        3
      ],
      [
        0,
        4
      ],
      [
        0,
        5
      ],
      [
        1,
        2
      ],
      [
        1,
        3
      ],
      [
        1,
        4
      ],
      [
        1,
        5
      ],
      [
        2,
        3
      ],
      [
        2,
        4
      ],
      [
        2,
        5
      ],
      [
        3,
        4
      ],
      [
        3,
        5
      ],
      [
        4,
        5
      ]
    ],
    "pairwise_min_cbf": {
      "0-1": 0.011604827851034423,
      "0-2": 1.0548700612358544,
      "0-3": 0.3323058451018266,
      "0-4": 0.8096952542658058,
      "0-5": 1.2031149336308034,
      "1-2": 0.28730118425791423,
      "1-3": 0.33260193816056516,
      "1-4": 0.32138322382028184,
      "1-5": 0.9977566037781588,
      "2-3": 1.0145017196748425,
      "2-4": 0.32559933423449205,
      "2-5": 0.36868233493744607,
      "3-4": 0.20305116012383095,
      "3-5": 1.3326342838962233,
      "4-5": 0.010927386477049005
    },
    "pairwise_min_cbf_step": {
      "0-1": 122,
      "0-2": 19,
      "0-3": 86,
      "0-4": 46,
      "0-5": 45,
      "1-2": 91,
      "1-3": 94,
      "1-4": 92,
      "1-5": 49,
      "2-3": 55,
      "2-4": 98,
      "2-5": 80,
      "3-4": 102,
      "3-5": 100,
      "4-5": 100
    },
    "pairwise_min_clearance": {
      "0-1": 2.7352690622040043e-05,
      "0-2": 0.39590771388111723,
      "0-3": 0.032768080853795456,
      "0-4": 0.34537609104634515,
      "0-5": 0.7204030798716743,
      "1-2": 0.01744825567159214,
      "1-3": 0.023339669083855152,
      "1-4": 0.0222092245934834,
      "1-5": 0.3307737616350104,
      "2-3": 0.29155716554132316,
      "2-4": 0.02223040015074379,
      "2-5": 0.03120915288965559,
      "3-4": 0.012361570226020413,
      "3-5": 0.39259797207949343,
      "4-5": 4.7231207892906024e-05
    },
    "pairwise_min_clearance_step": {
      "0-1": 122,
      "0-2": 122,
      "0-3": 88,
      "0-4": 86,
      "0-5": 84,
      "1-2": 92,
      "1-3": 97,
      "1-4": 93,
      "1-5": 83,
      "2-3": 107,
      "2-4": 101,
      "2-5": 82,
      "3-4": 103,
      "3-5": 108,
      "4-5": 100
    },
    "active_neighbor_counts": null,
    "qp_fallback_history": null,
    "qp_infeasible_history": null,
    "first_infeasible_event": null,
    "collision_event": null,
    "deadlock": {
      "deadlock_count": 0,
      "deadlock_agents": [],
      "first_deadlock_step": null,
      "deadlock_start_steps": {},
      "deadlock_window_steps": 20,
      "deadlock_speed_threshold": 0.05,
      "deadlock_displacement_threshold": 0.03
    },
    "stopped_not_at_goal": {
      "stopped_not_at_goal_steps": [
        2,
        33,
        9,
        14,
        33,
        6
      ],
      "stopped_not_at_goal_near_robots_steps": [
        2,
        32,
        0,
        6,
        33,
        6
      ],
      "stopped_not_at_goal_isolated_steps": [
        0,
        1,
        9,
        8,
        0,
        0
      ],
      "stopped_not_at_goal_control_thresholds": [
        0.06,
        0.12,
        0.12,
        0.12,
        0.12,
        0.12
      ],
      "stopped_not_at_goal_near_clearance_threshold": 0.15
    }
  }
}