{
  "name": "paper_baseline_six",
  "controller": "centralized_heterogeneous_barrier",
  "summary": {
    "min_clearance": 1.3641359028648825e-05,
    "min_pair_distance": 0.40001364135902867,
    "min_cbf": 0.005375621075396208,
    "collision": false,
    "all_goals_reached": true,
    "mean_qp_ms": 0.7403938147487296,
    "p95_qp_ms": 1.1442100003478117,
    "max_qp_ms": 7.611884334134326,
    "completion_step": 341.0,
    "termination_reason": "all_goals_reached",
    "mean_goal_error": 0.007127727666001842,
    "mean_control_deviation": 0.594023167701622,
    "per_agent_control_deviation": [
      0.34406851310395664,
      0.6723091647349474,
      0.6439470449837389,
      0.553433951880992,
      0.6784983785008648,
      0.6718819530052332
    ],
    "deadlock_count": 0,
    "deadlock_agents": [],
    "first_deadlock_step": 48,
    "collision_after_clamping": false,
    "infeasibility_before_collision": false
  },
  "metadata": {
    "accel_limits": [
      0.6,
      1.2,
      1.2,
      1.2,
      1.2,
      1.2
    ],
    "speed_limits": [
      0.6,
      0.6,
      0.6,
      0.6,
      0.6,
      0.6
    ],
    "gamma": [
      3.0,
      2.2,
      1.4,
      1.4000000000000004,
      2.2,
      3.0
    ],
    "radii": [
      0.4,
      0.2,
      0.2,
      0.2,
      0.2,
      0.2
    ],
    "safety_buffer": 0.0,
    "pair_indices": [
      [
        0,
        1
      ],
      [
        0,
        2
      ],
      [
        0,
        3
      ],
      [
        0,
        4
      ],
      [
        0,
        5
      ],
      [
        1,
        2
      ],
      [
        1,
        3
      ],
      [
        1,
        4
      ],
      [
        1,
        5
      ],
      [
        2,
        3
      ],
      [
        2,
        4
      ],
      [
        2,
        5
      ],
      [
        3,
        4
      ],
      [
        3,
        5
      ],
      [
        4,
        5
      ]
    ],
    "pairwise_min_cbf": {
      "0-1": 0.16366876223182397,
      "0-2": 0.3458362678450003,
      "0-3": 0.36970641010075483,
      "0-4": 0.9092004431038455,
      "0-5": 0.18777566241057542,
      "1-2": 0.19382499678749676,
      "1-3": 1.1155215684880986,
      "1-4": 0.2819827446813034,
      "1-5": 0.2035403594742298,
      "2-3": 0.24232241720728145,
      "2-4": 0.24883166007291696,
      "2-5": 0.8693734334950021,
      "3-4": 0.005375621075396208,
      "3-5": 1.1155536952341434,
      "4-5": 0.19383833977189133
    },
    "pairwise_min_cbf_step": {
      "0-1": 159,
      "0-2": 191,
      "0-3": 208,
      "0-4": 39,
      "0-5": 124,
      "1-2": 156,
      "1-3": 41,
      "1-4": 165,
      "1-5": 157,
      "2-3": 158,
      "2-4": 170,
      "2-5": 53,
      "3-4": 184,
      "3-5": 41,
      "4-5": 156
    },
    "pairwise_min_clearance": {
      "0-1": 0.007441979344714689,
      "0-2": 0.03548703641872797,
      "0-3": 0.04974482916463607,
      "0-4": 0.34314362655243047,
      "0-5": 0.009891925763295006,
      "1-2": 0.007825294076512335,
      "1-3": 0.3138744031173716,
      "1-4": 0.016609672519237617,
      "1-5": 0.00862907591978812,
      "2-3": 0.01223747361633487,
      "2-4": 0.012939528010968926,
      "2-5": 0.19821236900370343,
      "3-4": 1.3641359028648825e-05,
      "3-5": 0.4096526170382998,
      "4-5": 0.00782632868891725
    },
    "pairwise_min_clearance_step": {
      "0-1": 161,
      "0-2": 194,
      "0-3": 211,
      "0-4": 134,
      "0-5": 126,
      "1-2": 158,
      "1-3": 161,
      "1-4": 168,
      "1-5": 159,
      "2-3": 160,
      "2-4": 171,
      "2-5": 92,
      "3-4": 184,
      "3-5": 99,
      "4-5": 158
    },
    "active_neighbor_counts": null,
    "qp_fallback_history": null,
    "qp_infeasible_history": null,
    "first_infeasible_event": null,
    "collision_event": null,
    "deadlock": {
      "deadlock_count": 0,
      "deadlock_agents": [],
      "first_deadlock_step": 48,
      "deadlock_start_steps": {
        "0": [
          48
        ],
        "4": [
          126
        ]
      },
      "deadlock_window_steps": 20,
      "deadlock_speed_threshold": 0.05,
      "deadlock_displacement_threshold": 0.03
    },
    "stopped_not_at_goal": {
      "stopped_not_at_goal_steps": [
        81,
        76,
        81,
        92,
        96,
        72
      ],
      "stopped_not_at_goal_near_robots_steps": [
        77,
        66,
        81,
        91,
        90,
        62
      ],
      "stopped_not_at_goal_isolated_steps": [
        4,
        10,
        0,
        1,
        6,
        10
      ],
      "stopped_not_at_goal_control_thresholds": [
        0.06,
        0.12,
        0.12,
        0.12,
        0.12,
        0.12
      ],
      "stopped_not_at_goal_near_clearance_threshold": 0.15
    }
  }
}