{
  "name": "paper_baseline_six",
  "controller": "nominal",
  "summary": {
    "min_clearance": -0.015339270113195302,
    "min_pair_distance": 0.3846607298868047,
    "min_cbf": -0.5787250027422121,
    "collision": true,
    "all_goals_reached": false,
    "mean_qp_ms": 0.0,
    "p95_qp_ms": 0.0,
    "max_qp_ms": 0.0,
    "completion_step": null,
    "termination_reason": "collision",
    "mean_goal_error": 2.467199179440469,
    "mean_control_deviation": 0.0,
    "per_agent_control_deviation": [
      0.0,
      0.0,
      0.0,
      0.0,
      0.0,
      0.0
    ],
    "deadlock_count": 0,
    "deadlock_agents": [],
    "first_deadlock_step": null,
    "collision_after_clamping": false,
    "infeasibility_before_collision": false,
    "collision_step": 43,
    "collision_pair": [
      4,
      5
    ],
    "collision_pair_h_ij": -0.578725002742212,
    "collision_pair_h_margin": -0.3294388713645138
  },
  "metadata": {
    "accel_limits": [
      0.6,
      1.2,
      1.2,
      1.2,
      1.2,
      1.2
    ],
    "speed_limits": [
      0.6,
      0.6,
      0.6,
      0.6,
      0.6,
      0.6
    ],
    "gamma": [
      3.0,
      2.2,
      1.4,
      1.4000000000000004,
      2.2,
      3.0
    ],
    "radii": [
      0.4,
      0.2,
      0.2,
      0.2,
      0.2,
      0.2
    ],
    "safety_buffer": 0.0,
    "pair_indices": [
      [
        0,
        1
      ],
      [
        0,
        2
      ],
      [
        0,
        3
      ],
      [
        0,
        4
      ],
      [
        0,
        5
      ],
      [
        1,
        2
      ],
      [
        1,
        3
      ],
      [
        1,
        4
      ],
      [
        1,
        5
      ],
      [
        2,
        3
      ],
      [
        2,
        4
      ],
      [
        2,
        5
      ],
      [
        3,
        4
      ],
      [
        3,
        5
      ],
      [
        4,
        5
      ]
    ],
    "pairwise_min_cbf": {
      "0-1": 0.39966273422166854,
      "0-2": 0.406738601424373,
      "0-3": 0.5697457444503131,
      "0-4": 0.40673860142437346,
      "0-5": 0.3996627342216704,
      "1-2": -0.5787250027422121,
      "1-3": 0.7388933173045942,
      "1-4": 0.8910323946256915,
      "1-5": 0.9471683540818268,
      "2-3": 0.7327827311172578,
      "2-4": 0.9471683540818261,
      "2-5": 0.8910323946256922,
      "3-4": 0.7327827311172568,
      "3-5": 0.7388933173045937,
      "4-5": -0.578725002742212
    },
    "pairwise_min_cbf_step": {
      "0-1": 43,
      "0-2": 43,
      "0-3": 43,
      "0-4": 43,
      "0-5": 43,
      "1-2": 43,
      "1-3": 43,
      "1-4": 43,
      "1-5": 43,
      "2-3": 43,
      "2-4": 43,
      "2-5": 43,
      "3-4": 43,
      "3-5": 43,
      "4-5": 43
    },
    "pairwise_min_clearance": {
      "0-1": 0.2719803792625768,
      "0-2": 0.5762228378311358,
      "0-3": 0.8699999999999981,
      "0-4": 0.5762228378311363,
      "0-5": 0.271980379262578,
      "1-2": -0.015339270113194914,
      "1-3": 0.6513329894721799,
      "1-4": 0.8896898433766481,
      "1-5": 0.8309898517014002,
      "2-3": 0.3730128661943012,
      "2-4": 0.8309898517013993,
      "2-5": 0.8896898433766484,
      "3-4": 0.37301286619430063,
      "3-5": 0.6513329894721794,
      "4-5": -0.015339270113195302
    },
    "pairwise_min_clearance_step": {
      "0-1": 43,
      "0-2": 43,
      "0-3": 43,
      "0-4": 43,
      "0-5": 43,
      "1-2": 43,
      "1-3": 43,
      "1-4": 43,
      "1-5": 43,
      "2-3": 43,
      "2-4": 43,
      "2-5": 43,
      "3-4": 43,
      "3-5": 43,
      "4-5": 43
    },
    "active_neighbor_counts": null,
    "qp_fallback_history": null,
    "qp_infeasible_history": null,
    "first_infeasible_event": null,
    "collision_event": {
      "step": 43,
      "pair": [
        4,
        5
      ],
      "pair_key": "4-5",
      "pair_h_ij_at_event": -0.578725002742212,
      "pair_clearance_at_event": -0.015339270113195302,
      "pair_h_margin_to_violation": -0.3294388713645138,
      "pair_clearance_margin_to_violation": 0.01387023501352147,
      "pair_h_ij_window": {
        "steps": [
          38,
          39,
          40,
          41,
          42,
          43
        ],
        "values": [
          0.1880774965663281,
          0.09747372085496142,
          -0.007585041456696806,
          -0.13757885207705195,
          -0.3294388713645138,
          -0.578725002742212
        ]
      },
      "pair_clearance_window": {
        "steps": [
          38,
          39,
          40,
          41,
          42,
          43
        ],
        "values": [
          0.13400312100679768,
          0.10347301718793622,
          0.07327502226143345,
          0.043407870118486236,
          0.01387023501352147,
          -0.015339270113195302
        ]
      }
    },
    "deadlock": {
      "deadlock_count": 0,
      "deadlock_agents": [],
      "first_deadlock_step": null,
      "deadlock_start_steps": {},
      "deadlock_window_steps": 20,
      "deadlock_speed_threshold": 0.05,
      "deadlock_displacement_threshold": 0.03
    },
    "stopped_not_at_goal": {
      "stopped_not_at_goal_steps": [
        0,
        0,
        0,
        0,
        0,
        0
      ],
      "stopped_not_at_goal_near_robots_steps": [
        0,
        0,
        0,
        0,
        0,
        0
      ],
      "stopped_not_at_goal_isolated_steps": [
        0,
        0,
        0,
        0,
        0,
        0
      ],
      "stopped_not_at_goal_control_thresholds": [
        0.06,
        0.12,
        0.12,
        0.12,
        0.12,
        0.12
      ],
      "stopped_not_at_goal_near_clearance_threshold": 0.15
    }
  }
}