{
  "name": "sensitivity_ds_0.05_gamma_0.50",
  "controller": "heterogeneous_barrier",
  "summary": {
    "min_clearance": 0.00043231174292807095,
    "min_pair_distance": 0.4504323117429281,
    "min_cbf": 0.04554291407211832,
    "collision": false,
    "all_goals_reached": true,
    "mean_qp_ms": 0.7814989871875409,
    "p95_qp_ms": 1.1752503329868584,
    "max_qp_ms": 5.142584666221713,
    "completion_step": 233.0,
    "termination_reason": "all_goals_reached",
    "mean_goal_error": 0.017394728867538626,
    "mean_control_deviation": 0.500459615619062,
    "per_agent_control_deviation": [
      0.4127800121948973,
      0.5576724535867144,
      0.5304963366335109,
      0.5835372089711227,
      0.37716081565460957,
      0.5411108666735172
    ],
    "deadlock_count": 0,
    "deadlock_agents": [],
    "first_deadlock_step": null,
    "collision_after_clamping": false,
    "infeasibility_before_collision": false
  },
  "metadata": {
    "accel_limits": [
      0.6,
      1.2,
      1.2,
      1.2,
      1.2,
      1.2
    ],
    "speed_limits": [
      0.6,
      0.6,
      0.6,
      0.6,
      0.6,
      0.6
    ],
    "gamma": [
      0.5,
      0.5,
      0.5,
      0.5,
      0.5,
      0.5
    ],
    "radii": [
      0.4,
      0.2,
      0.2,
      0.2,
      0.2,
      0.2
    ],
    "safety_buffer": 0.05,
    "pair_indices": [
      [
        0,
        1
      ],
      [
        0,
        2
      ],
      [
        0,
        3
      ],
      [
        0,
        4
      ],
      [
        0,
        5
      ],
      [
        1,
        2
      ],
      [
        1,
        3
      ],
      [
        1,
        4
      ],
      [
        1,
        5
      ],
      [
        2,
        3
      ],
      [
        2,
        4
      ],
      [
        2,
        5
      ],
      [
        3,
        4
      ],
      [
        3,
        5
      ],
      [
        4,
        5
      ]
    ],
    "pairwise_min_cbf": {
      "0-1": 0.06276937735978824,
      "0-2": 1.18267176844437,
      "0-3": 0.5937188627647783,
      "0-4": 1.188644761671033,
      "0-5": 1.5933302475282578,
      "1-2": 0.5065392788681471,
      "1-3": 0.5333476126150585,
      "1-4": 0.570789916967666,
      "1-5": 1.3449195417135873,
      "2-3": 1.2340411115878736,
      "2-4": 0.5633284773964615,
      "2-5": 0.6736749384434829,
      "3-4": 0.4855746527768002,
      "3-5": 1.4536861431460573,
      "4-5": 0.04554291407211832
    },
    "pairwise_min_cbf_step": {
      "0-1": 147,
      "0-2": 117,
      "0-3": 81,
      "0-4": 51,
      "0-5": 42,
      "1-2": 89,
      "1-3": 101,
      "1-4": 90,
      "1-5": 49,
      "2-3": 104,
      "2-4": 99,
      "2-5": 72,
      "3-4": 97,
      "3-5": 97,
      "4-5": 118
    },
    "pairwise_min_clearance": {
      "0-1": 0.0010964294104696126,
      "0-2": 0.4113865795734344,
      "0-3": 0.120061317629932,
      "0-4": 0.48123681283730924,
      "0-5": 0.9348678632078142,
      "1-2": 0.055172673437722086,
      "1-3": 0.06506576116470181,
      "1-4": 0.07239717666439222,
      "1-5": 0.4582864318690412,
      "2-3": 0.37263666412674895,
      "2-4": 0.06779861725917985,
      "2-5": 0.11648317736315622,
      "3-4": 0.05071416250920008,
      "3-5": 0.471653881474786,
      "4-5": 0.00043231174292807095
    },
    "pairwise_min_clearance_step": {
      "0-1": 148,
      "0-2": 130,
      "0-3": 85,
      "0-4": 86,
      "0-5": 86,
      "1-2": 91,
      "1-3": 102,
      "1-4": 92,
      "1-5": 86,
      "2-3": 109,
      "2-4": 101,
      "2-5": 79,
      "3-4": 98,
      "3-5": 109,
      "4-5": 118
    },
    "active_neighbor_counts": null,
    "qp_fallback_history": null,
    "qp_infeasible_history": null,
    "first_infeasible_event": null,
    "collision_event": null,
    "deadlock": {
      "deadlock_count": 0,
      "deadlock_agents": [],
      "first_deadlock_step": null,
      "deadlock_start_steps": {},
      "deadlock_window_steps": 20,
      "deadlock_speed_threshold": 0.05,
      "deadlock_displacement_threshold": 0.03
    },
    "stopped_not_at_goal": {
      "stopped_not_at_goal_steps": [
        0,
        52,
        9,
        12,
        51,
        15
      ],
      "stopped_not_at_goal_near_robots_steps": [
        0,
        52,
        0,
        3,
        47,
        11
      ],
      "stopped_not_at_goal_isolated_steps": [
        0,
        0,
        9,
        9,
        4,
        4
      ],
      "stopped_not_at_goal_control_thresholds": [
        0.06,
        0.12,
        0.12,
        0.12,
        0.12,
        0.12
      ],
      "stopped_not_at_goal_near_clearance_threshold": 0.15
    }
  }
}