{
  "name": "sensitivity_ds_0.05_gamma_0.50",
  "controller": "heterogeneous_barrier",
  "summary": {
    "min_clearance": 0.007847632156219975,
    "min_pair_distance": 0.45784763215622,
    "min_cbf": 0.19338044279595268,
    "collision": false,
    "all_goals_reached": true,
    "mean_qp_ms": 0.5547919100401735,
    "p95_qp_ms": 0.7594620001327712,
    "max_qp_ms": 3.619626999958806,
    "completion_step": 352.0,
    "termination_reason": "all_goals_reached",
    "mean_goal_error": 0.007742652639302121,
    "mean_control_deviation": 0.4121076909772957,
    "per_agent_control_deviation": [
      0.4078144870957025,
      0.33009371732763376,
      0.3457212338293764,
      0.5747103044106631,
      0.3505678501003247,
      0.46373855310007445
    ]
  },
  "metadata": {
    "accel_limits": [
      0.6,
      1.2,
      1.2,
      1.2,
      1.2,
      1.2
    ],
    "speed_limits": [
      0.6,
      0.6,
      0.6,
      0.6,
      0.6,
      0.6
    ],
    "gamma": [
      0.5,
      0.5,
      0.5,
      0.5,
      0.5,
      0.5
    ],
    "radii": [
      0.4,
      0.2,
      0.2,
      0.2,
      0.2,
      0.2
    ],
    "safety_buffer": 0.05
  }
}