{
  "name": "sensitivity_ds_0.05_gamma_0.50",
  "controller": "heterogeneous_barrier",
  "summary": {
    "min_clearance": 0.023824831494276888,
    "min_cbf": 0.32571531206936694,
    "collision": false,
    "mean_qp_ms": 0.5786337555340045,
    "p95_qp_ms": 0.8812247750483951,
    "max_qp_ms": 1.1961256665623903,
    "completion_step": null,
    "mean_goal_error": 2.7478271314603187,
    "mean_control_deviation": 1.2279097138648507,
    "per_agent_control_deviation": [
      0.7746712706540474,
      1.1937818818385215,
      1.400160029929335,
      1.5483204499967596,
      0.9974118089855437,
      1.4531128417848957
    ]
  },
  "metadata": {
    "accel_limits": [
      0.6,
      1.2,
      1.2,
      1.2,
      1.2,
      1.2
    ],
    "speed_limits": [
      0.6,
      0.6,
      0.6,
      0.6,
      0.6,
      0.6
    ],
    "gamma": [
      0.5,
      0.5,
      0.5,
      0.5,
      0.5,
      0.5
    ],
    "radii": [
      0.4,
      0.2,
      0.2,
      0.2,
      0.2,
      0.2
    ],
    "safety_buffer": 0.05
  }
}